SET session_replication_role = replica;

--
-- PostgreSQL database dump
--

-- Dumped from database version 15.8
-- Dumped by pg_dump version 15.8

SET statement_timeout = 0;
SET lock_timeout = 0;
SET idle_in_transaction_session_timeout = 0;
SET client_encoding = 'UTF8';
SET standard_conforming_strings = on;
SELECT pg_catalog.set_config('search_path', '', false);
SET check_function_bodies = false;
SET xmloption = content;
SET client_min_messages = warning;
SET row_security = off;

--
-- Data for Name: audit_log_entries; Type: TABLE DATA; Schema: auth; Owner: supabase_auth_admin
--

INSERT INTO "auth"."audit_log_entries" ("instance_id", "id", "payload", "created_at", "ip_address") VALUES
	('00000000-0000-0000-0000-000000000000', 'caa1645a-85d8-4041-bd1f-781dfa0d1a34', '{"action":"user_signedup","actor_id":"00000000-0000-0000-0000-000000000000","actor_username":"service_role","actor_via_sso":false,"log_type":"team","traits":{"user_email":"test1@example.com","user_id":"73e5c29d-cc7a-433a-a8a5-5af06be825ee","user_phone":""}}', '2025-05-27 16:07:14.549485+00', ''),
	('00000000-0000-0000-0000-000000000000', 'd1b40950-b865-4660-91eb-e4f991743a6f', '{"action":"user_signedup","actor_id":"00000000-0000-0000-0000-000000000000","actor_username":"service_role","actor_via_sso":false,"log_type":"team","traits":{"user_email":"test2@example.com","user_id":"158f2cd4-53c6-4dd6-b0e7-9043aabdc6be","user_phone":""}}', '2025-05-27 16:08:01.262785+00', ''),
	('00000000-0000-0000-0000-000000000000', 'cdf753fd-18cb-49f5-8aae-7b7dd5456a24', '{"action":"user_signedup","actor_id":"00000000-0000-0000-0000-000000000000","actor_username":"service_role","actor_via_sso":false,"log_type":"team","traits":{"user_email":"test3@example.com","user_id":"78b6222d-60af-40e2-a4ef-187ba6669836","user_phone":""}}', '2025-05-27 16:08:36.84689+00', ''),
	('00000000-0000-0000-0000-000000000000', 'b00ae296-c0c5-4626-bd3e-568b2ed8acd0', '{"action":"login","actor_id":"73e5c29d-cc7a-433a-a8a5-5af06be825ee","actor_username":"test1@example.com","actor_via_sso":false,"log_type":"account","traits":{"provider":"email"}}', '2025-05-27 16:10:28.425817+00', ''),
	('00000000-0000-0000-0000-000000000000', '973c4886-1743-48fa-bff1-be4ed138b601', '{"action":"login","actor_id":"158f2cd4-53c6-4dd6-b0e7-9043aabdc6be","actor_username":"test2@example.com","actor_via_sso":false,"log_type":"account","traits":{"provider":"email"}}', '2025-05-27 16:14:18.208554+00', ''),
	('00000000-0000-0000-0000-000000000000', '20d92d84-a4bd-4dfa-8906-c7e1174893d6', '{"action":"login","actor_id":"73e5c29d-cc7a-433a-a8a5-5af06be825ee","actor_username":"test1@example.com","actor_via_sso":false,"log_type":"account","traits":{"provider":"email"}}', '2025-05-27 16:38:45.802147+00', ''),
	('00000000-0000-0000-0000-000000000000', 'c3bfbcf9-0793-4257-9c0d-e4452d743c5c', '{"action":"login","actor_id":"73e5c29d-cc7a-433a-a8a5-5af06be825ee","actor_username":"test1@example.com","actor_via_sso":false,"log_type":"account","traits":{"provider":"email"}}', '2025-05-27 17:17:10.264132+00', ''),
	('00000000-0000-0000-0000-000000000000', 'ef3bd45c-77dc-4480-a4b0-3276aeccf33d', '{"action":"login","actor_id":"158f2cd4-53c6-4dd6-b0e7-9043aabdc6be","actor_username":"test2@example.com","actor_via_sso":false,"log_type":"account","traits":{"provider":"email"}}', '2025-05-27 17:17:27.53593+00', '');


--
-- Data for Name: flow_state; Type: TABLE DATA; Schema: auth; Owner: supabase_auth_admin
--



--
-- Data for Name: users; Type: TABLE DATA; Schema: auth; Owner: supabase_auth_admin
--

INSERT INTO "auth"."users" ("instance_id", "id", "aud", "role", "email", "encrypted_password", "email_confirmed_at", "invited_at", "confirmation_token", "confirmation_sent_at", "recovery_token", "recovery_sent_at", "email_change_token_new", "email_change", "email_change_sent_at", "last_sign_in_at", "raw_app_meta_data", "raw_user_meta_data", "is_super_admin", "created_at", "updated_at", "phone", "phone_confirmed_at", "phone_change", "phone_change_token", "phone_change_sent_at", "email_change_token_current", "email_change_confirm_status", "banned_until", "reauthentication_token", "reauthentication_sent_at", "is_sso_user", "deleted_at", "is_anonymous") VALUES
	('00000000-0000-0000-0000-000000000000', '78b6222d-60af-40e2-a4ef-187ba6669836', 'authenticated', 'authenticated', 'test3@example.com', '$2a$10$Al9iZ1cYnc4vBHCeJoelm.scOMLxFkXDmImyvl45Tmaoaa77aZ3o6', '2025-05-27 16:08:36.848624+00', NULL, '', NULL, '', NULL, '', '', NULL, NULL, '{"provider": "email", "providers": ["email"]}', '{"username": "testuser3", "healthFlags": ["no food avoidance"], "email_verified": true}', NULL, '2025-05-27 16:08:36.843293+00', '2025-05-27 16:08:36.852638+00', NULL, NULL, '', '', NULL, '', 0, NULL, '', NULL, false, NULL, false),
	('00000000-0000-0000-0000-000000000000', '73e5c29d-cc7a-433a-a8a5-5af06be825ee', 'authenticated', 'authenticated', 'test1@example.com', '$2a$10$1wHg9upwdMzL/Xt8bsqTn.QTpyJ6hgrd6OUKnm5kAj1HcWKyhYZh.', '2025-05-27 16:07:14.555931+00', NULL, '', NULL, '', NULL, '', '', NULL, '2025-05-27 17:17:10.278331+00', '{"provider": "email", "providers": ["email"]}', '{"username": "testuser1", "healthFlags": ["avoid nuts", "avoid fish"], "email_verified": true}', NULL, '2025-05-27 16:07:14.529136+00', '2025-05-27 17:17:10.288797+00', NULL, NULL, '', '', NULL, '', 0, NULL, '', NULL, false, NULL, false),
	('00000000-0000-0000-0000-000000000000', '158f2cd4-53c6-4dd6-b0e7-9043aabdc6be', 'authenticated', 'authenticated', 'test2@example.com', '$2a$10$9Cvqw/14e/Cg9nxfSz.OyeHoCGIimnUHCUr.1.umxg.ttP/BehhJm', '2025-05-27 16:08:01.265125+00', NULL, '', NULL, '', NULL, '', '', NULL, '2025-05-27 17:17:27.53662+00', '{"provider": "email", "providers": ["email"]}', '{"username": "testuser2", "healthFlags": ["avoid high purine"], "email_verified": true}', NULL, '2025-05-27 16:08:01.260009+00', '2025-05-27 17:17:27.538302+00', NULL, NULL, '', '', NULL, '', 0, NULL, '', NULL, false, NULL, false);


--
-- Data for Name: identities; Type: TABLE DATA; Schema: auth; Owner: supabase_auth_admin
--

INSERT INTO "auth"."identities" ("provider_id", "user_id", "identity_data", "provider", "last_sign_in_at", "created_at", "updated_at", "id") VALUES
	('73e5c29d-cc7a-433a-a8a5-5af06be825ee', '73e5c29d-cc7a-433a-a8a5-5af06be825ee', '{"sub": "73e5c29d-cc7a-433a-a8a5-5af06be825ee", "email": "test1@example.com", "email_verified": false, "phone_verified": false}', 'email', '2025-05-27 16:07:14.545785+00', '2025-05-27 16:07:14.546451+00', '2025-05-27 16:07:14.546451+00', '322b07cf-b7fb-4532-bcd1-ecfc7461ab09'),
	('158f2cd4-53c6-4dd6-b0e7-9043aabdc6be', '158f2cd4-53c6-4dd6-b0e7-9043aabdc6be', '{"sub": "158f2cd4-53c6-4dd6-b0e7-9043aabdc6be", "email": "test2@example.com", "email_verified": false, "phone_verified": false}', 'email', '2025-05-27 16:08:01.261196+00', '2025-05-27 16:08:01.261256+00', '2025-05-27 16:08:01.261256+00', '6b37c5f8-e404-4491-b836-857666c0f3cc'),
	('78b6222d-60af-40e2-a4ef-187ba6669836', '78b6222d-60af-40e2-a4ef-187ba6669836', '{"sub": "78b6222d-60af-40e2-a4ef-187ba6669836", "email": "test3@example.com", "email_verified": false, "phone_verified": false}', 'email', '2025-05-27 16:08:36.845554+00', '2025-05-27 16:08:36.845602+00', '2025-05-27 16:08:36.845602+00', 'cc486c14-fbde-4d03-ab22-744f4e91ed5f');


--
-- Data for Name: instances; Type: TABLE DATA; Schema: auth; Owner: supabase_auth_admin
--



--
-- Data for Name: sessions; Type: TABLE DATA; Schema: auth; Owner: supabase_auth_admin
--

INSERT INTO "auth"."sessions" ("id", "user_id", "created_at", "updated_at", "factor_id", "aal", "not_after", "refreshed_at", "user_agent", "ip", "tag") VALUES
	('cc7f87e9-d7cf-4c65-9885-bb89a078ac0c', '73e5c29d-cc7a-433a-a8a5-5af06be825ee', '2025-05-27 16:10:28.426951+00', '2025-05-27 16:10:28.426951+00', NULL, 'aal1', NULL, NULL, 'Deno/1.45.2 (variant; SupabaseEdgeRuntime/1.67.3)', '54.178.147.76', NULL),
	('c37a459c-3f1a-4506-a9f7-f732e70014de', '158f2cd4-53c6-4dd6-b0e7-9043aabdc6be', '2025-05-27 16:14:18.209634+00', '2025-05-27 16:14:18.209634+00', NULL, 'aal1', NULL, NULL, 'Deno/1.45.2 (variant; SupabaseEdgeRuntime/1.67.3)', '54.178.147.76', NULL),
	('3302eaf5-5ac8-4311-855f-e42790c9e705', '73e5c29d-cc7a-433a-a8a5-5af06be825ee', '2025-05-27 16:38:45.810245+00', '2025-05-27 16:38:45.810245+00', NULL, 'aal1', NULL, NULL, 'Deno/1.45.2 (variant; SupabaseEdgeRuntime/1.67.3)', '35.77.214.138', NULL),
	('e7a9ca05-cd2e-4992-aae5-c17f2b70cfde', '73e5c29d-cc7a-433a-a8a5-5af06be825ee', '2025-05-27 17:17:10.281848+00', '2025-05-27 17:17:10.281848+00', NULL, 'aal1', NULL, NULL, 'Deno/1.45.2 (variant; SupabaseEdgeRuntime/1.67.3)', '57.180.13.132', NULL),
	('ed553262-11ad-4c27-9321-1c87d1114397', '158f2cd4-53c6-4dd6-b0e7-9043aabdc6be', '2025-05-27 17:17:27.536701+00', '2025-05-27 17:17:27.536701+00', NULL, 'aal1', NULL, NULL, 'Deno/1.45.2 (variant; SupabaseEdgeRuntime/1.67.3)', '3.112.35.206', NULL);


--
-- Data for Name: mfa_amr_claims; Type: TABLE DATA; Schema: auth; Owner: supabase_auth_admin
--

INSERT INTO "auth"."mfa_amr_claims" ("session_id", "created_at", "updated_at", "authentication_method", "id") VALUES
	('cc7f87e9-d7cf-4c65-9885-bb89a078ac0c', '2025-05-27 16:10:28.441385+00', '2025-05-27 16:10:28.441385+00', 'password', '1554bbe1-3559-48f3-ba9d-27b1dad3e71f'),
	('c37a459c-3f1a-4506-a9f7-f732e70014de', '2025-05-27 16:14:18.214159+00', '2025-05-27 16:14:18.214159+00', 'password', '2f0db0af-6488-4673-8a00-4d8723b8343a'),
	('3302eaf5-5ac8-4311-855f-e42790c9e705', '2025-05-27 16:38:45.815594+00', '2025-05-27 16:38:45.815594+00', 'password', '2abee458-609f-4405-8ac1-d9a5d415dd0c'),
	('e7a9ca05-cd2e-4992-aae5-c17f2b70cfde', '2025-05-27 17:17:10.289405+00', '2025-05-27 17:17:10.289405+00', 'password', '4b134b71-ccdc-443b-b031-919658eb53eb'),
	('ed553262-11ad-4c27-9321-1c87d1114397', '2025-05-27 17:17:27.539024+00', '2025-05-27 17:17:27.539024+00', 'password', '9b24e72b-c7fd-461d-a329-3a31287e7667');


--
-- Data for Name: mfa_factors; Type: TABLE DATA; Schema: auth; Owner: supabase_auth_admin
--



--
-- Data for Name: mfa_challenges; Type: TABLE DATA; Schema: auth; Owner: supabase_auth_admin
--



--
-- Data for Name: one_time_tokens; Type: TABLE DATA; Schema: auth; Owner: supabase_auth_admin
--



--
-- Data for Name: refresh_tokens; Type: TABLE DATA; Schema: auth; Owner: supabase_auth_admin
--

INSERT INTO "auth"."refresh_tokens" ("instance_id", "id", "token", "user_id", "revoked", "created_at", "updated_at", "parent", "session_id") VALUES
	('00000000-0000-0000-0000-000000000000', 1, 'nxsewpp63j7x', '73e5c29d-cc7a-433a-a8a5-5af06be825ee', false, '2025-05-27 16:10:28.432377+00', '2025-05-27 16:10:28.432377+00', NULL, 'cc7f87e9-d7cf-4c65-9885-bb89a078ac0c'),
	('00000000-0000-0000-0000-000000000000', 2, '5n3ghchkgrbr', '158f2cd4-53c6-4dd6-b0e7-9043aabdc6be', false, '2025-05-27 16:14:18.210554+00', '2025-05-27 16:14:18.210554+00', NULL, 'c37a459c-3f1a-4506-a9f7-f732e70014de'),
	('00000000-0000-0000-0000-000000000000', 3, 'etsogjjtpjkj', '73e5c29d-cc7a-433a-a8a5-5af06be825ee', false, '2025-05-27 16:38:45.811168+00', '2025-05-27 16:38:45.811168+00', NULL, '3302eaf5-5ac8-4311-855f-e42790c9e705'),
	('00000000-0000-0000-0000-000000000000', 4, 'lh5jx2d733at', '73e5c29d-cc7a-433a-a8a5-5af06be825ee', false, '2025-05-27 17:17:10.284148+00', '2025-05-27 17:17:10.284148+00', NULL, 'e7a9ca05-cd2e-4992-aae5-c17f2b70cfde'),
	('00000000-0000-0000-0000-000000000000', 5, 'wg5m2rhqphzr', '158f2cd4-53c6-4dd6-b0e7-9043aabdc6be', false, '2025-05-27 17:17:27.537461+00', '2025-05-27 17:17:27.537461+00', NULL, 'ed553262-11ad-4c27-9321-1c87d1114397');


--
-- Data for Name: sso_providers; Type: TABLE DATA; Schema: auth; Owner: supabase_auth_admin
--



--
-- Data for Name: saml_providers; Type: TABLE DATA; Schema: auth; Owner: supabase_auth_admin
--



--
-- Data for Name: saml_relay_states; Type: TABLE DATA; Schema: auth; Owner: supabase_auth_admin
--



--
-- Data for Name: sso_domains; Type: TABLE DATA; Schema: auth; Owner: supabase_auth_admin
--



--
-- Data for Name: products; Type: TABLE DATA; Schema: public; Owner: postgres
--

INSERT INTO "public"."products" ("id", "created_at", "updated_at", "barcode", "image_url", "generic_name", "ingredients", "categories", "brands", "name", "image_embedding") VALUES
	(1, '2025-05-27 16:13:58.31528+00', NULL, '5000171010025', 'https://images.openfoodfacts.org/images/products/500/017/101/0025/front_en.27.400.jpg', 'Red Salmon', 'https://images.openfoodfacts.org/images/products/500/017/101/0025/ingredients_en.9.400.jpg', 'Seafood,Fishes and their products,Canned foods,Fishes,Fatty fishes,Canned fishes,Salmons,Canned salmons', 'John West', 'Wild Pacific Red Salmon', '[-0.03341225,-0.037878606,0.021685014,0.02336905,0.010567936,0.0042650043,-0.0051161745,0.006632417,0.01923218,-0.02572426,0.044321876,-0.026676107,0.008346961,0.0010098114,-0.012813318,0.09132844,-0.021099262,0.028311329,-0.078197844,0.022990752,0.06843532,-0.030288242,-0.008090694,-0.0057446375,-0.03148415,0.031679403,-0.050179392,0.06579944,0.018634224,0.008505602,0.06824007,-0.02028165,0.02039148,0.036316603,-0.01915896,0.019695899,0.046713695,-0.012459425,-0.00094574486,0.0026831697,-0.009689309,0.0061778496,0.019586071,0.032460403,0.078539535,0.052131895,-0.0529129,0.027261859,-0.0056866724,0.016962392,0.0452005,0.016401047,-0.006406659,-0.013972618,0.010988945,-0.030263836,0.043394435,0.043638498,0.0069802073,-0.020403683,0.024003614,-0.01796305,-0.04256462,0.00397823,-0.03336344,-0.008890002,0.00045876252,0.0096588,0.0036975574,0.011611306,0.025016477,0.03368072,-0.010104216,0.017621363,-0.0072547784,-0.0025245287,-0.040319238,0.006327338,-0.016193593,-0.0014834466,-0.056427408,0.07253558,-0.027627952,-0.0529129,0.03626779,-0.020379277,-0.0017191201,-0.020940622,0.0052534603,0.040050767,-0.02140434,-0.036780324,-0.027652359,0.0015879361,-0.030873993,0.021160278,-0.035633225,0.003804335,-0.0060375133,-0.02290533,-0.00010019938,-0.006211408,-0.014778026,-0.014363118,-0.020000977,-0.015485809,0.025748666,-0.004954483,0.00676055,-0.040026363,0.00082447595,0.016388843,-0.027896423,0.047958415,-0.04534694,0.009622191,-0.071168825,0.01908574,-0.009121861,-0.02028165,-0.06789838,0.012654676,0.04039246,-0.056720283,-0.02283211,0.057696536,-0.023100581,6.4114256e-06,-0.031532962,-0.044785596,0.029287582,-0.036341008,0.022880923,-0.02065995,-0.030507898,0.02538257,-0.05388915,-0.032387186,-7.9082194e-05,0.039416205,0.031118056,-0.014094649,0.038269106,-0.025211727,0.0064371666,-0.0401728,-0.009396433,0.020330463,-0.03665829,0.030385867,0.029995365,-0.006431065,-0.024735805,0.0043473756,0.01147097,-0.012422816,0.04881264,-0.00035007813,-0.008261539,-0.009799137,0.020257244,0.0002915411,0.011190297,-0.008688649,-0.028213704,-0.0054914216,0.017499331,-0.004445001,-0.017243065,-0.0017725088,-0.008743564,0.0060283607,-0.025651041,-0.023344643,0.0075964667,0.005805653,-0.007443927,-0.03658507,-0.03556001,0.0154125905,-0.009304909,0.002931809,-0.035120692,-0.09415958,0.0068764803,-0.004438899,0.0031697706,0.015827497,0.044907626,-0.045835067,0.021135872,-0.017291877,0.040075175,-0.029531647,0.063944556,-0.001923523,0.01228248,0.04234496,0.02784761,-0.008041882,0.026358824,-0.00513753,0.045517784,0.0006288441,-0.08337198,-0.005372441,-0.03287531,0.052229524,-0.04329681,-0.0351451,0.039684676,0.027823204,-0.0018823374,0.047641136,0.007370708,-0.086935304,0.0021813146,0.03758573,-0.025943916,-0.03912333,-0.022502625,0.039806705,0.022771096,-0.007327997,-0.022734486,0.030996025,0.01773119,-0.021953484,0.026676107,-0.069460385,0.003975179,0.03800064,0.007370708,-0.022429407,-0.026968982,-0.009719816,0.04971567,-0.0010166757,-0.00042367843,-0.01019574,-0.016120374,-0.047299445,-0.021270107,0.05427965,0.07902766,0.042540215,0.00020058943,-0.039342985,0.043394435,-0.02672492,0.027530327,0.017584752,0.006827668,-0.026310012,0.01691358,-0.002641984,-0.04341884,0.022954144,-0.015595637,-0.018170504,-0.031581778,0.017450517,-0.015559028,-0.0068703787,-0.039635863,0.033314627,0.059746668,-0.0012645524,0.024784617,-0.0032033294,-0.005543285,0.062333737,-0.011525884,0.011007249,-0.015546825,0.05828229,-0.031386524,0.005808704,0.0026511364,0.028604206,-0.0617968,0.0051039713,-0.051741395,-0.017792206,-0.030117398,-0.02306397,0.0050399047,0.0075110444,-0.014863448,-0.00016893749,0.034534942,0.014875651,0.044321876,-0.0035541703,0.025162915,0.025577823,0.009091354,0.0043046647,0.00063342025,-0.05735485,0.042198524,0.0156200435,0.008182218,-0.039684676,-0.014424134,0.026944576,0.005067362,-0.054474905,-0.01181876,0.02078198,-0.020269448,0.011409954,0.024699194,-0.06291949,0.010445904,-0.03599932,0.015009886,-0.00097320194,-0.010268958,0.008780173,-0.0026496109,0.022258563,0.02042809,0.001792339,-0.004374833,-0.023686333,0.0042894105,-0.020232838,-0.015046495,0.0065408936,-0.055402342,-0.003526713,-0.025895104,0.004692115,-0.011605204,-0.028018454,-0.012471629,0.004240598,-0.039147735,-0.034974255,0.0061625955,-0.023661926,0.015229543,0.007925952,0.026310012,0.035023067,0.036365416,0.029556053,-0.03751251,-0.004585337,0.022893127,-0.009170674,-0.019903352,-0.018670835,0.0034901036,-0.030410273,0.022551438,-0.020586729,-0.009713715,0.0028326584,-0.02645645,0.028994707,0.0029836725,0.006949699,0.015510215,-0.01668172,0.009414737,-0.05457253,0.054523718,0.03275328,0.070046134,0.0117577445,0.005415152,0.0137407575,-0.03839114,0.028140485,-0.016095968,0.05164377,0.009256097,0.026236793,0.03951383,0.05349865,-0.0141556645,-0.032460403,0.006656823,0.010201842,-0.01757255,0.048178073,-0.025870698,-0.04214971,-0.017743394,-0.071705766,0.010781491,-0.04036805,-0.02777439,0.021990092,0.023332441,-0.008865595,-0.0031575675,-0.018158302,0.051009204,-0.0008519331,0.026163574,0.03155737,0.066043496,0.015949529,-0.013081787,0.037854202,-0.0052626124,-0.051204458,-0.0026221538,-0.018182708,0.031899057,0.03341225,0.009085252,0.00923169,0.014619385,-0.0052290536,0.001923523,-0.009890661,0.012447222,0.009079151,0.029848928,0.039074518,-0.025162915,0.057940602,0.019244382,-0.046494037,0.0037280652,-0.011141485,-0.025358165,0.021562982,0.061162233,-0.03751251,0.022929735,-0.028311329,-0.04612794,-0.012544848,-0.017645769,-0.013045178,0.010952336,0.015485809,-0.035047475,-0.022807704,-0.026773732,0.03556001,0.036365416,-0.01174554,-0.029385207,-0.015302761,0.0022423305,-0.04554219,-0.051155645,-0.03336344,0.02970249,0.055939283,-0.00046257602,-0.015302761,0.0065591983,-0.032167528,-0.04236937,0.0009526091,0.01336246,-0.012679082,0.014070243,-0.03858639,0.0026175778,0.04368731,0.075903654,-0.017291877,0.0009678631,-0.001542937,-0.017657971,-0.013203818,-0.014131258,-0.016608499,-0.011513681,-0.026310012,0.07429283,0.02479682,0.019268788,0.015973935,-0.07317014,0.032094307,-0.014631588,0.050813954,-0.04197887,-0.007517146,-0.039928738,0.014594979,-0.001033455,-0.009420839,-0.0005510489,-0.013032974,0.01425329,-0.047567915,0.02340566,-0.040123988,0.02004979,0.027213044,0.060137168,-0.041539554,0.009378128,0.019012522,0.007041223,-0.016059358,-0.031606182,0.011226906,-5.7249978e-05,0.027091013,-0.004280258,0.082346916,0.00397823,-0.043809343,-0.0200864,0.0074927397,-0.027408296,-0.0040697535,-0.010549631,0.005921583,-0.0084079765,0.020940622,-0.002437581,0.017828817,-0.049081106,-0.016925782,0.008920509,-0.03800064,-0.027066607,-0.029604865,0.063212365,0.014668197,0.013338054,0.027627952,-0.026773732,-0.021392139,0.012971958,-0.02738389,-1.4824932e-05,0.01634003,-0.0068764803,-0.0014811584,-0.048666198,-0.0078100218,-0.0098784575,0.047372665,0.038732827,-0.0051893936,0.016364437,0.04085618,0.0010365058,-0.016815953,0.016315624,-0.02155078,0.011214703,0.025943916,0.0013659912,-0.0044602547,-0.031410933,-0.02672492,0.039269768,0.02804286,0.014192275,0.010982843,-0.013630929,0.0529129,0.021257903,0.006949699,-0.06272424,0.03043468,-0.029653678,0.008896103,-0.017487127,-0.003151466,0.031240087,0.04549338,0.025943916,-0.022490423,0.01471701,0.02823811,-0.028848268,0.021416545,-0.014302103,0.03224075,-0.041783616,0.0050490573,0.07712397,-0.019732509,-0.007822225,-0.013338054,0.025406977,-0.014985479,-0.0007390538,0.014192275,0.035096288,-0.010336076,-0.03546238,-0.01691358,-0.033461064,0.010458107,0.004399239,0.0494472,-0.012337394,0.018988116,-0.034754597,0.0525224,-0.0052504092,0.022429407,0.008658142,-0.0037067097,-0.041783616,0.020037588,-0.029653678,-0.01224587,-0.017718988,-0.013752961,0.008365266,0.009182878,-0.025968323,0.01286213,-0.008206625,0.014912261,0.010268958,0.02363752,0.0068764803,0.009548972,0.031459745,0.020537917,-0.008462891,-0.03433969,0.011007249,-0.05940498,0.015815295,-0.015888514,-0.0034077324,0.044663563,0.01355771,0.014009227,-0.007248677,0.0051283776,0.005747688,0.05442609,-0.005024651,-0.029189957,0.028457768,-0.029653678,-0.027505921,0.019476242,-0.0036273892,0.013691945,-0.018243723,-0.032972936,-0.0075964667,-0.03275328,0.0067849564,0.024906648,-0.016657313,-0.012081128,0.0111292815,0.010683866,-0.00017065355,0.05271765,-0.0063456427,-0.03765895,0.0027807949,0.027798796,-0.013777367,-0.0073768096,0.029995365,0.025797479,0.014070243,-0.009512363,0.029385207,-0.007041223,0.0208552,-0.0005689723,-0.029556053,-0.01328924,0.021392139,0.029507238,0.039733488,0.062089674,-0.0038592492,0.03268006,-0.021819249,0.0048538065,-0.008078491,0.0041887346,0.0059734466,0.054621343,-0.017218659,0.009793036,-0.0070168166,0.01521734,-0.0013110769,-0.0013911602,0.015546825,0.007669686,-0.043662906,-0.04097821,-0.0039050109,-0.012056721,-0.039367393,-0.012788911,-0.026310012,0.013032974,-0.008298148,0.021892468,0.027627952,0.017902035,0.024650382,0.01873185,-0.023027362,-0.0019860642,0.029751303,-0.011178094,-0.01684036,0.0013202293,-0.0074561303,0.00015940377,0.04295512,0.04063652,-0.036829136,-0.011489275,0.01039099,0.031313308,0.0013003992,-0.0037128113,0.018719647,-0.02538257,-0.012325191,0.00012965857,-0.04085618,0.01668172,0.0019387769,-0.0011905708,-0.046640474,0.0007333336,0.014655994,-0.006662925,0.0016886122,-0.02591951,0.014167868,-0.014192275,0.00021183921,-0.011782151,-0.0026130015,-0.0063456427,-0.037634544,-0.018646428,0.012319089,0.007767311,-0.010317771,0.00815171,0.03770776,-0.036560666,0.015742075,-0.00095032103,0.028408956,0.034437317,0.012666879,0.03560882,0.037195228,0.026236793,-0.018207114,0.013069584,0.007450029,0.048910264,-0.0146804005,-0.01691358,-0.002198094,-0.02042809,-0.004615845,0.01668172,0.040270425,-0.029189957,0.0052473587,0.026505262,-0.0030584168,0.030654335,0.03534035,-0.01174554,0.0044694073,0.0016870868,0.011538087,-0.017621363,-0.0011554867,-0.0042558517,-0.037488107,-0.024198866,0.011593001,0.028067267,-0.008865595,0.04097821,-0.032802094,-0.0052199014,0.01900032,-0.054914217,0.007901546,0.014131258,-0.051155645,0.0044205943,0.0027182538,0.013691945,0.04542016,0.002866217,-0.007871037,0.013936008,0.012007909,-0.03294853,-0.011409954,0.019097945,-0.011294024,0.014009227,-0.029067926,-0.04476119,0.020940622,0.006669027,0.0016916629,-0.006125986,-0.0005152021,0.043394435,0.027091013,-0.00390196,0.029653678,0.022966346,0.011898081,0.019171163,-0.004368731,0.0046524545,0.007565959,0.02804286,-0.041075833,0.018121691,-0.021501968,0.030507898,-0.023308035,-0.04851976,-0.004008738,-0.010384888,0.039172143,0.031069243,-0.016474266,-0.05740366,-0.0062907287,0.015864108,-0.0011493851,0.008700852,-0.028872674,-0.002487919,-0.018975914,-0.005033803,-0.0025291047,-0.039147735,-0.0026328317,0.04105143,0.009890661,-0.0359261,-0.010153028,-0.01687697,-0.0146804005,0.016950188,-0.025577823,-0.020306056,0.019720305,0.038147077,-0.036707103,0.00579345,0.029946553,0.012251972,0.0047073686,0.001908269,-0.03836673,-0.022771096,-0.02684695,0.0008282894,-0.028945893,-0.003657897,-0.04542016,0.06125986,0.022405,0.009603887,-0.012642473,0.005884974,0.013167209,-0.025626635,0.0049575334,0.021343326,-0.0023613113,-0.013716351,-0.022124328,-0.021501968,0.007767311,-0.03878164,-0.016937986,-0.02692017,-0.014411931,-0.0028219805,0.060771734,-0.017865425,-0.008664243,-0.0001353788,-0.0010120996,-0.0003043163,0.0026526619,-0.0017938644,0.04085618,0.018329145,0.02251483,-0.0076757874,0.0074134194,0.001525395,-0.013338054,0.04349206,0.00899983,0.0028875726,0.030947212,-0.0011188772,0.014961073,0.013630929,0.019878946,-0.007248677,-0.0049148225,0.020098604,0.00057736196,-0.0128011145,-0.0062968303,-0.0015093783,0.004643302,-0.018975914,0.03224075,0.022221953,0.0060039544,0.06658044,0.0003264345,-0.01521734,-0.014204478,0.016584093,-0.018634224,-0.036292195,0.008432383,0.0089327125,0.0463476,-0.046249975,0.02657848,-0.0031392628,0.011666221,-0.026944576,-0.015937326,-0.040416863,-0.0070900354,0.017328486,0.054133214,-0.05554878,-0.029800115,0.0355356,0.02260025,-0.010982843,-0.014216681,-0.0012195533,0.0074134194,0.0009945575,0.00455788,-0.019830134,-0.022331782,-0.038488764,0.0041551758,-0.008377469,-0.019939963,0.016059358,-0.009286604,0.047128603,-0.030215023,0.029580459,-0.034437317,0.030459085,0.0021950433,0.018353552,0.002518427,-0.023930395,0.027432702,0.051204458,0.016437655,0.026871357,-0.016669516,0.016669516,0.0029257075,-0.020586729,0.0136431325,0.011379446,-0.003673151,0.04044127,-0.023198206,-0.009262198,-0.005439558,0.017084423,-0.02065995,0.06482318,-0.015827497,0.010793694,-0.02074537,0.006589706,-0.014216681,-0.023344643,-0.017047813,-0.011214703,-0.0036945066,-0.0030309597,-0.022246359,0.019219976,-0.027969642,0.0014742942,-0.027408296,0.03641423,0.03194787,-0.024735805,-0.039001297,-0.009188979,0.018805068,-0.038147077,0.021965686,-0.009664902,0.030312648,-0.005897177,-0.023417862,-0.012727895,0.013069584,0.00039164515,0.024076832,-0.02449174,0.015278355,0.028116079,-0.012752301,-0.010641155,-0.015498012,0.007877139,-0.013191615,-0.015168527,0.019451836,-0.0089327125,-0.012093331,-0.003804335,-0.041393116,-0.03621898,-0.021270107,-0.0285798,0.008572719,-0.013887195,0.0049361777,0.017145438,-0.034632567,-0.002866217,-0.020757575,0.010116419,0.017914237,0.034534942,0.004704318,0.02081859,0.018634224,0.01676714,-0.01201401,-0.021257903,-0.0065958076,0.00957948,0.011287922,0.022014499,0.014363118,0.010647257,-0.0023094479,0.058770414,-0.015461403,0.0397823,0.033851564,-0.040514488,-0.0072425753,-0.0019189469,-0.028750643,-0.008603227,0.018524395,-0.020806387,0.019671492,0.031703807,-0.021074856,-0.04515169,-0.017035611,0.02989774,-0.046201162,0.01193469,-0.025089696,0.0007646042,0.0024085985,-0.0032582434,-0.0061809,-0.007962561,-0.03333903,0.030678743,0.03268006,0.019097945,-0.0040850076,-0.017133236,0.009585582,-0.019256586,-0.010885218,-0.013606522,-0.041417524,0.013508897,0.00938423,0.043370027,-0.0036975574,0.017316284,-0.014326509,0.014778026,0.016120374,0.00096938846,0.030141804,-0.013704148,-0.009506261,0.014802433,-0.035291538,0.035291538,-0.015888514,-0.008700852,0.027798796,0.016596297,-0.00064447935,-0.015302761,-0.05052108,0.015144121,-0.0060832747,0.02923877,0.008774072,-0.008944916,-0.021636201,0.015717668,-0.0034656972,-0.0066751284,0.0076879906,0.0037677255,-0.030337054,0.019049132,0.01846338,-0.0076391776,0.01719425,-0.0038287411,0.010177435,0.02738389,0.016706126,0.06692213,-0.0013614149,-0.041124646,-0.0067117377,-0.0018213216,-0.021367732,-0.00091294886,0.010897421,0.007907648,-0.0027548631,-0.024040224,-0.004515169,0.015961733,-0.0092683,0.012654676,-0.0072974893,-0.0025550365,0.0054365075,0.01900032,-0.012642473,-0.017889831,-0.0057659927,0.018805068,-0.0142654935,0.004615845,-0.0058544655,-0.011391649,-0.008493399,-0.0067117377,0.03036146,0.009628293,-0.0023780908,-0.00014510319,0.01452176,0.01039099,0.01962268,-0.01734069,0.001212689,0.02657848,-0.022453813,0.009603887,-0.0062663225,0.012288582,0.028067267,0.023588708,-0.0177678,0.021526374,0.050228205,-0.004191785,-0.025016477,-0.025236133,0.036145758,-0.006546995,0.006138189,0.0035816273,-0.015388184,-0.026700513,-0.008011374,-0.009506261,0.015546825,0.016266812,0.013679742,0.004368731,0.03673151,-0.014143461,-0.029165551,-0.0016550535,-0.0266517,0.017950848,0.017169844,0.0023735145,0.009097455,-0.020842995,0.0270422,0.011330633,0.07536671,0.0076757874,-0.026749326,-0.0048141466,0.019769117,-0.0073218956,0.0132160215,0.010268958,0.006791058,0.03121568,-0.0029409614,-0.018146098,-0.008914408,0.00021851283,-0.013032974,0.02031826,-0.0033131577,0.017511534,0.025968323,0.009854051,0.016156983,0.031264495,0.023796162,-0.004576185,0.00072036777,0.023649722,0.017035611,-0.001121928,0.06052767,-0.0308984,-0.032265153,-0.027481515,-0.010616749,0.02889708,0.009890661,-0.005692774,0.03202109,0.010153028,-0.0059032785,-0.017401705,-0.019817932,-0.01444854,-0.009414737,-0.022917533,-0.028262516,0.004008738,-4.390277e-05,-0.0239426,0.017133236,-0.0012172651,0.013618726,-0.0008610854,-0.016706126,0.011922487,-0.00016807945,0.007913749,-0.021636201,0.023381254,-0.030141804,0.03109365,0.027823204,-0.040807366,-0.03773217,0.012557051,0.009664902,-0.00784053,-0.016986798,-0.002124875,0.02386938,0.03148415,0.017157642,-0.00876797,0.016937986,0.0072913878,-0.017487127,0.029165551,0.00082295056,0.0023765652,-0.012178753,0.028555393,0.0041887346,-0.028555393,-0.013411272,-0.020379277,-0.01684036,0.008853392,0.0059917513,-0.051985458,-0.027164232,0.0010883693,0.013972618,0.018841678,-0.012886536,-0.010055403,-0.030678743,-0.014094649,0.03765895,0.006937496,-0.00088396634,0.008487297,0.005750739,-0.004759232,0.02692017,-0.015290558,-0.0077001937,-0.042735465,0.0021111465,-0.016864765,0.011452665,0.02260025,0.035169505,0.04058771,-0.0073096924,0.016474266,-0.009683207,0.028116079,0.023820568,0.005195495,0.024418522,0.018927101,0.023918193,-0.0013423475,0.017023407,0.00328265,-0.015022089,-0.022295171,0.017413909,-0.005055159,0.07360946,0.040123988,0.012038416,0.016706126,0.042662244,-0.014045836,-0.025138509,0.027139826,0.007358505,0.007327997,0.022819908,0.008633736,-0.044297468,-0.00332231,0.030117398,-0.019732509,-0.0039843316,0.033778343,-0.021221295,0.058770414,0.0048294,0.012215363,0.019866744,0.0046494035,-0.020501308,0.03419325,-0.02004979,-0.027945235,-0.011605204,-0.0055676913,0.0004255852,0.0042436486,0.015778685,0.0010632003,-0.02271008,0.0015726822,-0.004426696,0.010226248,-0.018585412,0.007694092,0.0050734635,-0.03731726,0.03800064,0.008572719,-0.0062053064,-0.00567752,0.007407318,-0.0017084423,0.016584093,-0.001073878,-0.012416715,-0.024272084,0.017511534,0.03751251,0.032582436,-0.018316941,0.0053114253,-0.024894444,-0.007681889,0.019549461,-0.004338223,0.046591662,0.026114762,0.011275719,-0.0049483813,-0.0062297126,0.008249336,0.008591024,0.016974594,0.008462891,-0.011001148,-0.008127304,-0.012435019,-0.017316284,0.007968663,0.012813318,-0.009365925,-0.0043443246,0.0038867062,0.03224075,0.0042070393,0.038147077,0.018060677,-0.016510874,0.0026374077,0.023466675,0.025333758,-0.014802433,0.003541967,-0.010317771,-0.0017465772,0.021343326,0.045517784,-0.040758554,-0.018036269,-0.0022758893,0.009317112,-0.0026389332,-0.027139826,-0.007126645,0.0024772414,-0.016047154,0.005155835,-0.011330633,0.011141485,0.018792866,-0.027896423,0.030678743,-0.023186002,-0.0030843485,-0.040221613,0.019134553,-0.0019952166,0.0336075,0.016242405,-0.0208552,0.017706783,0.009109658,-0.009481855,0.031923465,-0.00041109393,-0.0444195,0.02244161,0.010793694,0.015888514,0.018146098,0.008371367,-0.013618726,0.0036365415,0.0093537215,-0.006778855,0.02491885,-0.022466017,-0.037903015,-0.023661926,-0.0004038483,0.008249336,0.0066873315,0.04110024,0.01123911,0.011830963,-0.01054353,0.03858639,0.02217314,-0.016523078,0.0025931713,-0.0006002429,-0.017389502,0.005964294,0.0013446356,0.01521734,-0.0031270597,0.0064371666,-0.045639817,-0.008139507,-0.0131306,-0.0032307864,-0.013545507,0.025187321,-0.010598443,0.0145827755,-0.001396499,0.0028296076,0.010842507,0.0013614149,0.018377958,0.040319238,-0.051887833,0.044858813,0.0070046135,0.010366584,-0.009378128,-0.012605864,-0.012764505,-0.0010548106,-0.01730408,-0.025968323,0.023576504,0.022954144,-0.01630342,-0.008865595,0.024662586,-0.0020867402,0.010628952,-0.0020028434,-0.00045037284]'),
	(2, '2025-05-27 16:52:59.725335+00', NULL, '051500241639', 'https://images.openfoodfacts.org/images/products/005/150/024/1639/front_en.11.400.jpg', '', 'https://images.openfoodfacts.org/images/products/005/150/024/1639/ingredients_en.19.400.jpg', 'Plant-based foods and beverages, Plant-based foods, Legumes and their products, Spreads, Nuts and their products, Plant-based spreads, Oilseed purees, Legume butters, Nut butters, Peanut butters', 'Jif', 'Extra Crunchy Peanut Butter', '[-0.039490268,-0.045360792,0.0014458107,0.013538413,0.007920036,-0.0012356873,0.014715103,0.020055471,0.011831564,-0.0150771625,0.037343778,-0.020753726,0.002919099,0.039541993,-0.032300815,0.026637182,-0.004574225,-0.0067239488,-0.05477432,0.0050235656,0.025369976,0.014896133,0.0063101673,0.028706089,0.01349962,0.011941475,-0.055188105,0.016292645,0.050636508,-0.03599899,0.020559767,-0.015348706,-0.0023663128,0.037886865,-0.026081163,-0.025719104,0.00895449,0.0013197366,0.015206469,0.04259363,-0.014482351,0.021645943,-0.009038539,0.028706089,0.039490268,0.025783759,-0.009710934,0.016266784,-0.016939178,0.01755985,0.005750916,-0.009038539,-0.019150324,-0.0122065535,0.027102686,0.011294941,0.041326426,0.043524638,-0.0034654199,-0.019021017,0.014133223,-0.04699006,-0.0013059977,-0.03367147,0.012419909,-0.0412747,0.00953637,0.033930082,0.007402809,0.030102601,0.0035688651,0.0006622928,-0.04913655,0.020663213,0.002749384,0.014146154,-0.024025187,-0.0028011065,0.038093757,-0.026003579,-0.0129500665,0.05477432,0.017831394,-0.061756883,0.0041669086,-0.020391667,-0.04799865,-0.024930334,-0.025861342,0.0212063,-0.039567854,-0.040576447,-0.06186033,0.036542077,-0.025266532,0.0009819228,-0.023365723,-0.0089221625,-0.008036412,-0.043834973,-0.026663043,0.01695211,-0.047196947,0.0053080404,0.008902767,0.007325225,0.031318083,-0.044403926,-0.017973632,-0.037938587,0.017210724,0.00026265424,0.023960533,0.06501541,-0.05725701,0.0027413021,-0.06853256,-0.0027687799,-0.01542629,-0.045515962,-0.047559008,0.0049783085,0.07153247,-0.04378325,0.008695876,0.05798113,0.016602982,-0.028628506,-0.05301575,-0.039024767,-0.003069418,-0.05451571,-0.028835395,-0.033102516,-0.032843903,0.026003579,-0.012174226,-0.0035106773,-0.023624336,0.0148832025,0.003103361,-0.02658546,0.03874029,-0.03850754,0.009368271,-0.038869597,-0.0096980035,-0.020895964,-0.035611067,0.03566279,0.034162834,-0.01717193,-0.047481425,0.009872567,-0.026365638,-0.059636254,0.059791423,0.03103361,-0.010157042,-0.014740964,0.022589883,-0.0022386224,-0.0061743953,0.004758487,-0.031887036,0.039981633,0.034990396,-0.0096139535,-0.015775418,-0.033619743,-0.029042287,-0.012038454,-0.04236088,0.0025586565,0.019137394,0.010945813,-0.017262446,-0.03992991,-0.056946676,-0.018413275,0.0063651227,0.0077971946,-0.043679807,-0.07541167,-0.017430544,-0.0025117828,0.022887288,0.013706511,0.04841243,-0.0017860489,-0.0036690778,-0.009219568,0.035740376,-0.011818633,0.03796445,-0.0030564873,-0.011327268,0.022124378,0.014611658,0.044171173,0.030956026,0.014042709,0.031524975,0.02579669,-0.07054974,-0.011624673,0.0006934072,0.025176017,-0.045205627,-0.012038454,0.024529483,0.020921826,-0.004347938,0.062118944,-0.008915697,-0.03736964,-0.0034039991,0.027464746,-0.028240586,0.032999072,-0.020572698,0.016279714,0.033852495,-0.011870356,-0.01523233,0.020960618,-0.009982478,-0.022460576,0.015969379,-0.029714681,0.028318169,0.05399848,-0.025240669,-0.034705922,-0.04378325,0.044817705,0.008243303,-0.009646281,0.023947602,-0.025706174,-0.04280052,-0.047093503,-0.024839818,0.089790575,0.073135875,0.040809195,-0.035378315,-0.050610647,0.013525481,-0.026507875,0.044947013,0.042128127,-0.025757896,0.020210639,0.033412855,-0.029947434,-0.011786306,0.06796361,-0.01445649,0.002584518,-0.017417613,0.013835818,-0.031499114,0.01772795,-0.037111025,0.005954574,0.030930165,-0.03589554,-0.014857341,-0.00021719486,-0.046938334,0.061446548,0.011909148,0.030878441,0.025124293,0.039360963,-0.060360372,-0.028188862,-0.021322677,0.07463583,-0.018348621,-0.0074351355,-0.036904134,-0.03974888,0.0016535096,-0.027413022,0.07153247,-0.014728034,-0.03255943,0.027542328,-0.001461974,0.022822633,0.060050037,-0.0074416013,-0.013615997,-0.009381202,-0.0054502776,-0.002076989,0.010176438,-0.022757981,0.042153988,0.032326676,0.040550582,-0.037886865,-0.06532575,0.042257432,0.028266447,-0.04295569,0.0025586565,0.010764783,-0.03974888,-0.04029197,0.031887036,-0.041197117,-0.0016179502,-0.008275629,0.0013900471,-0.009846706,-0.043834973,0.0389989,0.023973463,-0.0018894942,-0.02274505,-0.025861342,0.002290345,-0.03178359,0.030335354,-0.033257686,-0.020094262,0.0043382403,-0.0016001705,0.0075256503,-0.007654957,-0.0063392613,-0.01908567,-0.027438883,0.01542629,-0.03201634,-0.03488695,-0.010758318,0.0077325413,-0.0443522,0.012348791,-0.026921656,0.039541993,-0.023779504,0.038042035,0.030516384,-0.078359865,0.013706511,0.028835395,0.017624505,-0.041817788,0.018464997,0.012122504,-0.053274363,0.0055601886,-0.03568865,-0.024813958,0.0001849692,-0.014676311,0.024245009,0.028369892,-0.0037531273,0.01233586,-0.035585206,0.0019202046,-0.04049886,0.011889752,0.01463752,0.041766066,0.017766742,0.055084657,-0.0074480665,-0.05725701,0.016615912,0.0024487458,0.017107278,0.04512804,0.013092305,0.053274363,0.06320512,-0.0009237348,-0.023262277,0.009238964,-0.025654452,0.020857172,0.015788348,-0.008689411,-0.009665676,-0.00799762,-0.029507792,0.05549844,-0.06165344,-0.056688063,-0.002710592,0.045619406,0.00059723534,0.012083712,-0.017210724,0.0007136114,0.007713145,-0.020831311,0.042541906,0.023831226,0.0011459807,-0.011838029,0.026326846,-0.012394048,-0.03830065,0.00202365,-0.014314253,0.03297321,0.006468568,0.0029449603,0.018607235,0.0076355613,0.023003664,-0.017120209,0.027464746,-0.007364017,-0.040369555,0.014611658,0.04393842,-0.024426037,0.04546424,-0.0019622294,-0.08560104,-0.018219315,0.0044190567,0.020870103,0.033955943,0.03085258,-0.06511886,0.005893153,-0.052860584,-0.038688567,0.02292608,-0.035714515,0.0008752448,-0.011120377,0.036878273,0.009820845,-0.005767079,-0.060463816,0.024451898,0.018658958,-0.054257095,-0.005282179,-0.022085587,-0.025214808,-0.026818212,-0.00015991603,-0.019163255,0.016628843,0.056739785,0.026559599,0.0016729055,0.01406857,-0.01108805,-0.01752106,0.005983668,0.02102527,0.017236585,0.021064064,-0.00054834125,0.018245177,0.016163338,0.037498947,-0.009588093,-0.006197024,-0.0042768195,0.0034169299,-0.020779587,-0.002086687,-0.0030290096,-0.03447317,-0.024969125,0.031731866,0.03142153,0.020081332,0.0117927715,-0.030956026,0.041688483,-0.014857341,0.0887044,-0.0420764,-0.030593967,-0.0014385371,-0.011340198,0.0063101673,0.001515313,0.0046000862,-0.014973717,-0.016602982,-0.0077002146,0.038817875,-0.06460163,0.0146892425,-0.029223315,0.01984858,-0.02350796,0.010641942,0.025227739,-0.033283547,0.0010877927,-0.016305575,0.014663381,-0.04122298,0.028266447,0.017650366,0.07846331,-0.010338072,-0.013719441,-0.033878356,0.010357467,-0.013195749,0.0083726095,0.013221611,-0.02564152,-0.0142496,-0.007939432,-0.0048005115,0.008152788,-0.036542077,-0.023456236,-0.006041856,-0.013434967,0.0010829436,-0.054412264,0.036361046,-0.0058737574,0.00066188874,-0.00047722258,-0.025887202,-0.025292393,0.00010243516,-0.0036076573,0.030154325,-0.007616165,-0.0012373036,0.026042372,-0.049783085,0.01925377,0.007273502,0.015452152,0.0111721,-0.030309493,-0.008657084,0.045774575,0.014534074,-0.010111785,0.017469337,0.007150661,0.035947263,0.0067627407,-0.01291774,-0.00751272,-0.001268014,-0.021995071,0.043317746,-0.0021319443,0.010732457,0.045205627,-0.023533821,0.021464914,0.028369892,0.028266447,-0.0182969,0.009685072,-0.02138733,0.0028140373,-0.0003481179,0.0152194,0.016654704,0.026275123,0.03297321,-0.0022434713,-0.006989028,0.040188525,-0.019615827,0.008185115,-0.027206132,0.021995071,-0.025900133,-0.0074545317,0.03274046,-0.021322677,0.015917655,-0.016046962,0.0012453853,-0.013667719,-0.016654704,0.009885498,0.009465251,0.004008508,-0.023559682,-0.038016174,-0.038636845,-0.0070213545,-0.0051140804,0.041817788,0.008870441,-0.022266615,-0.029869849,0.020831311,-0.0027089755,0.016034031,0.0059965984,0.016124547,-0.030102601,0.022654535,-0.044895288,-0.034576613,-0.03990405,-0.0016696729,-0.0040473,-0.015012509,0.008870441,-0.0032860066,-0.013564274,0.011385456,-0.008540709,0.019602897,-0.009995408,0.028938841,0.0477659,-0.004900724,0.0076226303,-0.029430207,0.019939095,-0.009122589,-0.006982562,0.04202468,0.0053662285,0.017495198,0.02194335,-0.011042793,-0.026300985,-0.025951857,-0.015788348,0.020456322,0.04621422,-0.022292476,0.027542328,-0.02370192,0.030568106,0.041171256,0.0067692064,0.00085665693,-0.014999578,-0.03196462,-0.018839987,-0.025344115,0.0124005135,0.008657084,0.010629011,-0.02119337,-0.013551343,0.020184778,-0.0043220767,0.06584298,-0.019214977,-0.035430036,-0.004357636,0.036464494,0.0044319876,0.008301491,0.03279218,0.021128716,-0.008340282,0.008185115,0.033619743,-0.014960786,-0.0050041694,-0.030619828,-0.026132885,-0.035636928,0.005624842,0.01754692,0.037679974,0.0074416013,-0.021464914,0.018658958,-0.0047423234,-0.0161892,0.0071959184,0.031292222,-0.017624505,0.020352876,-0.01078418,0.021826973,0.04202468,-0.021930417,0.018387415,-0.029352622,0.016176268,0.052886445,-0.047946926,-0.0068144635,-0.022861427,-0.040395416,-0.012057851,-0.013434967,-0.025176017,-0.0014369208,-0.041041948,0.015568527,0.020908894,0.00573152,0.017352961,0.0323784,-0.011307872,-0.004005275,0.0435505,-0.0012138668,-0.003093663,0.011404851,-0.007034285,0.0023356024,0.030593967,0.0070019583,-0.024063978,-0.012743176,0.0036755432,-0.0054535107,0.0016365381,-0.007086008,0.0066592954,0.0041992352,-0.004593621,0.010001874,-0.056170836,-0.015012509,-0.04052472,0.036102433,-0.0443522,-0.005175501,0.004073161,0.005049427,-0.009685072,-0.002052744,-0.013978056,0.012419909,-0.029456068,-0.0020252664,0.026132885,-0.011514762,-0.0074933236,-0.008734669,0.0044578486,0.009769122,0.001844237,0.010169973,0.014740964,-0.024219146,0.008779925,-0.004280052,0.0112690795,0.021219231,0.016900387,0.012775503,-0.028214725,0.017456405,-0.027309576,0.020145984,0.017585712,-0.009898429,0.012814295,-0.013357383,-0.013628927,-0.0127302455,-0.014146154,-0.022680396,0.043369472,-0.03680069,-0.029016426,0.029714681,0.011191496,0.004454616,0.03910235,-0.007053681,-0.002599065,0.021658873,-0.03680069,-0.037731696,-0.013641858,-0.011896217,-0.04316258,0.008152788,0.016357299,0.0007006807,0.002009103,0.009057935,-0.017637435,-0.035145562,0.022279546,-0.070963524,0.022447644,0.025848411,-0.0814115,0.00030427484,-0.010241091,0.0073510865,0.011663465,0.005566654,0.00042832847,0.020572698,-0.005136709,-0.030697413,0.014779757,0.006229351,0.020107193,0.0009568696,-0.016253853,-0.015154746,0.0043899626,-0.027671635,0.049395163,0.017275376,0.007519185,0.019525314,0.021296814,-0.014702173,0.008036412,0.0190986,-0.04062817,0.0026362406,0.020572698,-0.006132371,-0.010428586,-0.015258192,-0.0152194,0.018193454,-0.04124884,-0.008055808,0.0019234373,-0.033464577,-0.040033355,-0.010480309,0.015490944,0.00056612096,-0.016072825,-0.05705012,-0.014482351,0.03199048,-0.0034557218,0.0053856242,-0.014029778,0.009659211,0.010725992,0.0011322419,0.016357299,-0.04005922,0.006549385,0.009006212,-0.00029255642,-0.006284306,-0.0062002568,-0.01598231,0.0018086776,0.02313297,-0.027981972,-0.0045677596,0.0069502355,0.028421614,0.019732203,0.01011825,0.006087113,0.035352454,0.034809366,0.022253685,-0.017029693,-0.03530073,-0.007519185,0.023469167,-0.04370567,0.047352117,-0.030128464,0.057722516,0.01752106,-0.037861004,0.020986479,-0.014495282,0.024619997,0.0016939179,-0.003195492,0.0221761,0.0021998305,-0.0077390065,0.0034007665,-0.04062817,0.012057851,-0.0242838,0.009348875,-0.036697242,0.001486219,0.008042878,0.025693243,-0.02024943,-0.022201963,-0.034162834,0.0032552965,-0.005847896,0.041895375,-0.008366144,0.066360205,0.022137308,-0.012070782,-0.006197024,0.014973717,0.0019622294,-0.029533653,-0.0035591673,0.008113996,0.011618208,0.01754692,0.0014643985,-0.02579669,0.005469674,-0.001771502,-0.010060062,-0.031162918,0.011760445,-0.0034460237,-0.023456236,0.02658546,0.0160211,0.044067726,-0.010687199,-0.023003664,0.0048522344,-0.004603319,0.04567113,-0.03488695,-0.0252536,-0.00395032,0.0027283716,-0.027697498,0.01329273,0.038636845,0.00012031585,0.01984858,-0.028628506,0.057567347,-0.03584382,-0.023818295,0.004845769,0.015827142,-0.02661132,-0.009103192,-0.03336113,0.054826044,-0.051981296,-0.0148832025,0.00587699,0.08446314,-0.054463986,-0.014572866,0.015943518,-0.022641605,0.015555597,-0.010228161,-0.034007665,-0.018594304,0.002647555,0.024943264,0.0064750332,-0.00046792865,0.025512213,0.0040117404,0.031731866,-0.0026152283,0.0067756716,-0.00799762,0.032093924,-0.013797026,0.0036205878,0.008514847,-0.033257686,0.015141816,0.044972874,0.040033355,0.011928543,0.0055698864,0.02564152,0.022098517,0.010952278,0.0070213545,0.028188862,-0.002159422,0.03444731,-0.015827142,-0.023676058,0.0036011918,0.0045612943,0.00458069,0.070032515,-0.019447729,0.023003664,-0.018283969,0.041119535,-0.018555513,-0.01675815,-0.0071377303,0.0078489175,0.024051048,-0.021322677,-0.035507623,0.017443474,-0.0116828615,-0.033826634,-0.009782053,0.0048619322,0.0304388,-0.0014021696,-0.010208765,-0.0021772017,0.008560104,-0.02194335,0.015568527,-0.015128885,0.02177525,0.0021804343,-0.022460576,0.01099107,0.01754692,-0.010777714,0.024374316,-0.014508213,0.007460997,0.026533736,0.0012882181,-0.015853003,-0.039567854,-0.008792856,0.015529736,-0.01792191,-0.009794983,-0.016926248,-0.008075204,0.0062907715,-0.05337781,0.007131265,-0.008715272,-0.007667888,0.0001345598,-0.016719358,-0.0001664824,0.010241091,-0.022706257,-0.009348875,-0.0030952794,-0.0160211,0.02891298,0.024167424,-0.00069057866,8.3544255e-05,0.037085164,0.038093757,-0.0010732457,-0.015335776,-0.028033694,0.0037046373,0.04375739,0.015400429,0.026145816,-0.006497662,0.008747599,0.01849086,0.009348875,0.022008002,0.014469421,-0.029792266,0.00896742,-0.021051133,-0.015710765,-0.03830065,-0.009659211,-0.039179932,0.017055554,0.040136803,0.012594474,-0.021762319,-0.035714515,0.03974888,-0.0505072,0.052343357,-0.01089409,0.027206132,-0.0026200772,0.027025102,-0.014314253,-0.01792191,0.009323014,0.031085333,0.020314084,-0.019396007,0.011191496,-0.013771164,0.013978056,-0.010570823,0.020779587,-0.028938841,-0.025473421,-0.027283715,-0.0044578486,0.023029525,-0.027257854,0.020960618,-0.02255109,0.041197117,0.020339945,-0.014301322,0.021710597,-0.006080648,-0.030154325,0.020689074,-0.025331184,0.02410277,0.0024632928,-0.024813958,0.011029862,0.016512467,-0.017184861,-0.018348621,-0.023404514,0.0015638031,-0.006559083,0.01291774,0.012038454,-0.0149090635,0.025719104,-0.018839987,0.022059724,-0.030128464,-0.030102601,0.016590051,-0.04686075,-5.6773726e-05,-0.002018801,3.093764e-05,-0.009258361,0.019383077,-0.0055795843,0.0293009,-0.03136981,0.06501541,0.0071635917,-0.017417613,-0.033878356,-0.01869775,-0.022589883,0.011100981,0.0031389203,0.010790645,-0.004170141,-0.012465167,-0.011314337,0.00015506703,-0.0022014468,0.022266615,0.0105191,-0.026895795,0.018775335,-0.0026766488,-0.013422037,0.004551596,-0.007952362,0.036283463,-0.026533736,0.010790645,-0.030361215,-0.0046356455,-0.02774922,-0.014870271,0.0056894952,0.004609784,-0.009581627,0.015128885,-0.01811587,0.026456153,0.037654113,-0.029895712,-0.0037757559,0.031162918,-0.02756819,0.018180523,0.0059287124,-0.0061226725,0.009426459,0.026740627,0.004551596,0.021490775,0.004525735,-0.0070019583,-0.019964956,-0.0059869005,0.0067239488,0.005767079,-0.00018820187,0.015128885,-0.021348538,-0.020171847,0.011818633,-0.008792856,0.0077002146,-0.00021416423,0.0058802227,0.017107278,0.022098517,-0.015051301,-0.016525397,0.0075967694,0.0008889836,0.038766153,0.017999494,0.03589554,-0.007991155,-0.014715103,-0.0016050196,0.02022357,0.028369892,0.0046356455,-0.0056345398,0.038688567,0.021891626,-0.013577204,0.023171762,0.02349503,0.0131117,-0.004044067,-0.009400598,-0.0312405,0.012697919,-0.001500766,0.0021319443,-0.015904725,-0.02583548,0.040912643,0.03426628,0.007829521,0.004541898,0.017508129,-0.0202365,0.006420078,0.030930165,-0.016602982,-0.008230372,0.01154709,0.018258108,-0.044998735,-0.015439221,-0.058084574,0.022900218,0.014598727,0.0122065535,-0.00973033,0.049550332,0.008159254,-0.006491197,0.021542497,-0.054877765,-0.0085795,0.010667804,-0.043369472,-0.032507706,0.000779477,-0.013221611,-0.01734003,-0.0012962997,0.018141732,-0.0073898784,-0.003200341,-0.029921573,-0.003588261,-0.0027396858,0.003639984,-0.021542497,0.010842368,-0.03279218,0.012497493,0.007764868,-0.019331353,-0.0182969,0.0131440265,-0.0067756716,-0.019900303,-0.027231993,0.006087113,0.019150324,0.035533484,0.0054276492,4.38178e-05,0.016796941,0.0058511286,0.005857594,0.013667719,0.05642945,-0.0050235656,-0.015659042,0.02543463,0.012109573,0.014753896,0.002261251,-0.018245177,-0.006982562,-0.0027283716,-0.01463752,-0.02927504,-0.03333527,0.01868482,0.0055989805,0.009387667,0.003882434,0.011236753,-0.01426253,-0.00023153983,0.041662622,0.015749557,0.011521228,0.0051658032,-0.03217151,-0.017055554,0.04611077,-0.06273962,0.016305575,-0.02738716,-0.030387077,-0.0013706511,0.017327098,0.016590051,0.022874357,0.06656709,0.006161465,0.013745303,0.018607235,0.024930334,0.01251689,0.0115729505,0.031473253,0.015568527,0.02774922,-0.031938758,0.00056773727,0.011579416,-0.00056369643,-0.030878441,0.026300985,-0.0076032346,0.05337781,0.03005088,0.005330669,0.0084825205,0.006691622,-0.030206047,-0.001907274,0.026663043,0.025861342,-0.03452489,-8.485753e-06,0.009316549,-0.014003917,-0.005421184,0.030309493,-0.015891794,0.00030750752,0.03121464,-0.013628927,0.046421107,0.014818549,-0.008553639,-0.004719695,0.012187158,0.0022240754,0.037938587,-0.034861088,0.0010126332,-0.011721653,-0.021309746,-0.02544756,0.030749135,0.00016375483,0.01580128,-0.008909232,0.011230288,-0.007131265,-0.018852917,-0.019564105,-0.0067756716,0.044119447,-0.029740542,0.011236753,0.011825099,-0.0066398997,6.8593166e-05,-0.008960955,0.0066592954,0.006879117,0.028163001,-0.010454447,0.0053662285,-0.022822633,0.032662876,0.0049944716,0.012368186,-0.0028770743,-0.03338699,0.017055554,0.030904304,0.029999156,0.017365891,0.018167593,0.012684988,-0.01657712,-0.02679235,0.02738716,-0.004619482,-0.00592548,0.021930417,-3.4246073e-05,0.005825267,-0.025512213,-0.03744722,0.0070989383,0.0040828595,-0.005026798,-0.012549216,-0.019021017,0.032300815,0.007279968,0.044197034,0.015245261,-0.038714428,0.027852666,0.04217985,0.0124005135,-0.02927504,0.02099941,0.0046841353,-0.01406857,-0.0028027229,0.03217151,-0.010570823,-0.048438292,0.010060062,0.0030532547,-0.00365938,-0.018607235,-0.013577204,-0.012891879,-0.035973128,0.034705922,-0.016344368,-0.0025925995,-0.01755985,-0.0022499368,0.039955772,-0.001844237,0.0035236077,-0.035611067,-0.011411317,0.020727865,0.023611406,-0.02372778,-0.00780366,0.01484441,0.011702257,-0.021051133,0.022111448,-0.001646236,-0.0658947,-0.0036626125,0.017999494,0.014740964,0.02738716,0.008340282,-0.010758318,-0.007014889,0.026818212,-0.009096727,0.0016599749,0.009122589,-0.042516045,0.007984689,-0.046628,0.0023356024,-0.022447644,0.03488695,0.019124461,-0.0073316903,0.02235713,0.033309408,0.029507792,-0.0002343684,0.011644069,0.020055471,-0.0024859214,0.04008508,-0.020081332,-0.010751853,0.0024940032,0.00973033,-0.007034285,-0.038714428,-0.003814548,-0.0140815005,-0.0074351355,0.03524901,0.0015403662,-0.00751272,0.009956617,0.0013383244,-0.009879032,0.011469505,0.0056086783,0.002212761,-0.020327015,0.025499282,0.022525229,-0.008670015,-0.0026459384,0.014921994,0.006801533,-0.0046970663,0.010338072,-0.019602897,0.03297321,-0.0076097,-0.023262277,-0.0016939179,0.026947519,-0.010189368,-0.0033846032,0.023779504,0.048438292]'),
	(3, '2025-05-27 16:56:27.440656+00', NULL, '7048840081950', 'https://images.openfoodfacts.org/images/products/704/884/008/1950/front_en.28.400.jpg', 'Semi-skimmed milk', 'https://images.openfoodfacts.org/images/products/704/884/008/1950/ingredients_en.21.400.jpg', 'en:dairies, en:milks, en:semi-skimmed-milks, af:melk, meieriprodukt', 'Q-MEIERIENE AS', 'Q Lettmelk  0,5% Fett 1,75l', '[-0.021133576,-0.022556027,0.01567407,-0.0059675258,-0.005059866,-0.001078693,-0.040478926,0.02469648,-0.014752862,-0.042348433,0.02350433,-0.03812172,-0.036712814,0.036523156,-0.010146826,0.05150632,-0.014224522,0.035845798,-0.06367167,0.011901184,0.023030179,0.017475842,0.006092837,0.025875084,-0.004467177,0.018139653,-0.08507619,-0.00263323,0.0028957063,-0.034734927,0.0035459702,-0.02999342,0.02097101,0.0060521956,-0.0035866117,-0.018884746,0.028990932,-0.0062791104,0.0073357895,0.011013844,-0.03844685,-0.011054486,0.0059742993,-0.009652355,0.060420353,0.039774474,-0.006092837,0.021919312,-0.012544674,0.0015875583,0.038419757,0.0037932058,-0.013953579,0.023910744,-0.013018825,-0.03186293,0.014007768,0.03080625,0.033651154,-0.0058422145,-0.033082176,-0.033596966,-0.004375734,0.0039422247,-0.017760333,-0.042077493,-0.021512896,0.00426397,-0.0118402215,0.018356407,-0.02316565,0.0059065637,-0.02450682,0.0075254496,-0.027270442,-0.009842015,-0.013994221,-0.006956469,-0.008880166,-0.016405616,-0.023043726,0.02441199,0.017462295,-0.039909944,0.022054782,-0.024425536,-0.054188658,-0.0046873186,-0.022989538,-0.0061131576,-0.064050995,-0.052481715,0.017313275,-0.0026823385,0.03524972,0.025211273,0.0015951786,-0.001016884,-0.038528133,-0.027961347,-0.032838326,-0.000825107,0.004477338,-0.0023199518,0.0065026386,0.0033156683,0.013791013,-0.012531127,-0.008568581,-0.003925291,0.03982866,0.0127952965,0.036414776,0.05245462,-0.03882617,-0.000762028,-0.033705343,-0.021336783,0.008920807,-0.023856556,-0.05082896,0.030968817,0.055245336,-0.05058511,0.001927084,0.040614396,0.018288672,-0.05641039,-0.045437187,-0.021539992,0.005686422,-0.03167327,-0.0064450633,0.036523156,-0.011379618,0.0012615797,-0.014793503,-0.030101798,-0.010492278,-0.01705588,0.00463313,0.010641297,0.027880063,-0.008182487,-0.0013547164,-0.016608823,-0.0005918417,-0.023734631,0.0091104675,0.025211273,0.022447651,-0.031890023,-0.034274325,-0.011189957,-0.018058369,-0.059878465,0.031023005,0.028069723,0.0008056329,-0.019331804,0.005232592,0.019480823,0.033082176,-0.047713112,-0.06014941,0.025888631,0.008135072,-0.0006401035,-0.05657296,-0.07781491,-0.052102394,0.0118537685,-0.021729652,-0.054676354,-0.02331467,0.003708536,0.01753003,-0.047956962,-0.05212949,-0.0045112055,-0.0012040042,0.014834144,-0.009415279,-0.06827771,-4.672713e-05,0.019575652,-0.011074807,0.00353581,0.055299524,-0.022027688,-0.031239761,0.011372844,0.036414776,-0.029370252,0.029776666,-0.01972467,0.03530391,-0.014630937,0.045518473,-0.0041251113,0.033705343,-0.010370354,0.06291303,-0.029478628,-0.05310488,-0.047469262,-0.022014141,0.027744591,-0.05053092,-0.03476202,0.02040203,0.042104587,-0.015945012,0.07250442,0.0052867807,0.031700365,-0.057873484,0.018627351,0.003014244,0.037661117,-0.020239463,0.04782149,0.055760127,0.014034862,-0.020320745,0.0056661014,-0.015782446,-0.048851073,-0.002093037,-0.06757326,0.021431614,0.018356407,-0.0047110263,-0.021838028,-0.0067600347,-0.029749572,-0.004738121,0.0022369754,0.006776969,-0.046060357,0.0017391172,-0.013594579,0.027270442,0.044353414,0.047929868,0.030020516,-0.016663011,-0.051262468,-0.00092967413,-0.029668288,-0.0022826972,0.02040203,-0.00745094,-0.015741805,0.01244307,0.008704053,-0.032459006,0.0068921195,-9.393053e-05,-0.040776964,-0.0286658,0.021201313,-0.043161266,-0.01370973,-0.028990932,0.017123615,-0.018356407,-0.02923478,-0.017990634,0.01509154,-0.041345943,0.00917143,-0.0059539787,0.022610217,0.0035933852,0.04056021,-0.007132582,-0.005798186,-0.027270442,0.04684609,-0.07895287,-0.028936742,-0.029288968,-0.055760127,-0.028557422,-0.0036746683,0.045437187,-0.018234482,-0.029018026,0.016012749,0.037715305,-0.004294451,0.06378005,-0.048363376,0.013167843,0.015037352,-0.0005054785,0.0034985552,-0.039422248,-0.0040980172,0.06470125,0.05727741,-0.0018085464,-0.058632124,-0.051126998,0.020618783,0.047848582,-0.02431716,-0.023043726,0.0059742993,-0.008615997,-0.028936742,0.044678546,-0.043486398,-0.0045687812,-0.049663905,-0.017448748,0.018139653,-0.02655244,0.0030125505,0.048471753,-0.03617093,-0.0008983463,-0.064321935,-0.036658626,-0.026918216,-0.028205195,-0.03882617,-0.016784936,-0.046439677,-0.027365271,-0.014251617,-0.002093037,0.0046771583,-0.043540586,-0.022108972,0.010458411,0.017638408,-0.0064111953,0.027243346,0.019467276,-0.019142143,-0.02312501,-0.022677952,0.033326022,-0.018884746,0.040533114,0.006597469,-0.03744436,0.007843808,0.007579638,-0.0022725367,0.00981492,0.005219045,0.038799077,-0.051045716,0.033705343,-0.029343158,-0.032215156,0.02842195,0.012890127,-0.010112958,0.016663011,-0.0022200416,0.009543977,-0.019819502,0.0008678652,-0.029451534,0.023016632,-0.0026027488,0.043919906,0.005608526,0.020605236,0.007599959,-0.05516405,-0.0032682533,-0.07342563,0.054188658,0.009963939,0.025522858,0.033569872,0.003935451,0.009157883,0.0070445254,0.02842195,-0.006851478,-0.008175714,0.038771983,-0.04500368,-0.006285884,-0.022325726,-0.031023005,0.01796354,-0.051425036,-0.017611314,0.012178901,0.050747678,-0.012388881,-0.020469764,-0.023829462,0.055976883,-0.032540288,-0.010167147,0.022583123,-0.0155792385,0.010844504,-0.027053686,0.018830558,0.035032965,-0.0076676947,0.019453727,-0.03974738,0.015294748,0.01934535,-0.0060420353,-0.011576052,0.014373541,0.057060655,-0.003347843,0.008832751,-0.0025959753,-0.035954174,0.00955075,0.05378224,0.011013844,0.041833643,0.029695384,-0.040180888,-0.05803605,-0.04026217,-0.0037017625,-0.0018254804,0.038717795,-0.038148813,-0.0058049597,-0.04213168,-0.06703137,0.009963939,-0.021147123,-0.011691202,-0.024330707,0.0036712815,0.0032293051,-0.033949193,-0.029180592,0.0073628835,-0.011454127,-0.022271538,0.017353917,-0.061720878,-0.024208782,0.011257693,-0.0023487397,-0.015755352,0.041833643,0.0052122716,0.02636278,-0.005059866,0.0013293155,-0.04486821,-0.026687913,0.032540288,0.03936806,0.003258093,-0.0026569376,-0.05082896,-0.006096224,-0.0038948096,0.031537797,-0.019941425,-0.01762486,0.0027348336,-0.008690505,-0.020280104,-0.01715071,-0.008121525,0.004030281,-0.03256738,0.028015535,-0.0100790905,0.030372743,-0.00862277,-0.045789413,0.030074704,-0.050124507,0.082420945,0.013520069,-0.011738618,-0.029018026,0.010167147,-0.0028330507,-0.013567485,0.035818703,-0.016066937,-0.015064446,0.023721084,0.03354278,-0.051695976,0.021092935,-0.01868154,-0.0014715607,-0.028584516,-0.007437393,-0.0015960253,0.0061029973,-0.015132182,0.025739612,0.0029685223,0.0030108572,0.023558518,0.018762821,0.056356203,-0.033461496,-0.03530391,-0.036577344,0.007146129,-0.012124712,0.0127546545,-0.013899391,0.019196332,-0.012070524,-0.0048702057,-0.027771687,0.01318139,-0.05264428,-0.028259384,-0.009428826,-0.033705343,-0.013208485,-0.04475983,0.05288813,-2.5830896e-06,-0.008317959,0.01700169,-0.019507917,-0.019616293,0.007193544,-0.032404818,0.018126106,-0.03543938,0.018085465,0.0019778858,-0.015836636,0.003532423,0.010444864,-0.0020473152,0.014373541,-0.012476938,-0.0074102986,0.0377424,0.02613248,0.043296736,0.026674366,-0.009916524,0.0061029973,0.017326823,-0.00036873686,0.0059268842,-0.037254702,-0.017164256,0.03999123,-0.010072316,0.022474745,0.013100107,-0.047360886,-0.0011244146,0.016798483,0.012470164,-0.05028707,-0.02116067,-0.028178101,-0.013980674,-0.0050971205,-0.002076103,0.005764318,0.02431716,0.037661117,0.018248029,0.004338479,0.029912138,-0.03148361,-0.017990634,-0.01877637,0.01739456,-0.041779455,-0.0067024594,0.03836557,-0.037796587,-0.006990337,0.0035459702,0.017272634,-0.03836557,-0.02656599,0.00062570965,-0.0011024005,-0.023572065,0.0039794794,-0.018369954,-0.066110164,-0.0081553925,-0.0059844595,0.05846956,-0.015376031,0.014793503,-0.028909648,0.06464706,0.029343158,0.04562685,-0.009252713,-0.0023656734,-0.031537797,0.029830854,-0.031321045,-0.034843307,-0.006675365,-0.025617687,-0.0020185274,-0.009923298,0.015823087,0.0210252,-0.0035764512,0.01144058,0.032269344,0.008426336,0.00069767894,0.014630937,0.008582128,0.006191054,-0.017421653,-0.0017103294,0.024547461,-0.0082637705,-0.0065873084,-0.007877676,0.016581729,0.013194938,0.024235876,-0.007437393,0.0031581826,0.010505825,0.017367464,0.034220137,0.02828648,-0.029587006,0.044786923,-0.03592708,-0.004114951,0.040912434,-0.021621274,0.019209879,-0.016107578,-0.059824277,-0.019115048,-0.021323236,-0.012490485,0.008182487,-0.009069826,0.043107077,-0.007146129,0.045491375,-0.033651154,0.051045716,0.006177507,-0.024100404,-0.04733379,0.062479522,-0.005645781,-0.00091443356,0.0036509607,-0.0082366755,0.020889727,-0.0013818108,-0.0052766204,-0.008954676,-0.006519573,-0.005848988,-0.02636278,-0.017909352,-0.012998504,0.012774976,0.03218806,0.023382405,-0.029153498,0.017895803,-0.009577845,-0.017502936,0.017543577,0.023612706,-0.018451238,0.017110068,-0.0188712,0.009503336,0.027771687,-0.021472255,0.015470861,-0.029966326,0.025238367,0.03042693,-0.019372445,0.022149613,-0.007566091,-0.02465584,0.004406215,0.0061673466,-0.025590593,-0.006499252,-0.070932955,0.02063233,0.038148813,0.005683035,0.03194421,0.009157883,-0.020198822,0.0010185774,0.034734927,0.002585815,-0.025211273,0.0024012348,0.018708633,0.04088534,-0.013635221,0.025644781,-0.015877277,-0.023761725,0.007017431,0.02231218,-0.013940032,0.025346745,0.010336486,-0.007918318,-0.0030244044,0.040424738,-0.031835835,-0.007119035,-0.049691,-0.004311385,-0.022285085,-0.017557124,-0.005574658,-0.011725071,-0.018126106,-0.030155987,0.011664108,0.017489389,-0.00754577,0.011968919,0.0046399035,-0.010214562,-0.023937838,-0.026633725,0.020889727,0.011223826,0.011982467,0.0075254496,0.008947901,-0.028449044,0.028990932,0.0032547063,-0.02250184,0.033515684,0.013140749,0.010769996,0.0012150112,0.017502936,-0.020076897,0.0077489777,0.0018441078,-0.015782446,0.021363877,-0.011616693,-0.02040203,0.0030514987,0.029885044,0.016229503,0.012829164,-0.059878465,-0.023111463,0.025739612,0.01134575,0.05502858,0.013208485,0.0013089947,0.0024520366,-2.926399e-05,-0.012023108,0.0038914229,-0.010146826,-0.02097101,-0.062587894,0.008914034,-0.010329712,0.029099308,-0.011813127,0.0025553338,-0.020862633,0.0339221,0.011142543,-0.094884336,0.01115609,0.004196234,-0.07250442,0.038338475,-0.022230897,-0.012531127,-0.015917918,0.0155115025,-0.050259978,0.05977009,0.009239166,0.00898177,-0.03812172,-0.0046500643,0.006495865,0.038203,0.0008428876,0.019927878,0.012551447,-0.024357801,-0.0046263565,-0.001425839,0.0071529024,0.017448748,-0.031402327,-0.008846298,0.029722478,0.058686316,-0.03042693,0.00526646,0.0015528437,-0.022420557,0.03142942,-0.037281796,-0.050883148,0.009259487,-0.008135072,0.014454824,-0.014603843,-0.021797387,-0.02804263,-0.023585612,0.019792406,0.015118635,-0.013743598,-0.05044964,-0.0077218837,0.020158181,-0.0109935235,-0.014509013,-0.002535013,0.02526546,0.012084071,-0.007660921,-0.0052156583,-0.029668288,-0.03673991,-0.02135033,-0.0046161963,-0.026687913,0.048851073,-0.027988441,-0.02694531,0.005154696,-0.024384895,-0.0057338374,0.025102895,0.0011100208,0.010451637,0.0019575653,0.03210678,0.0059065637,0.038230095,0.0044468567,-0.05272556,-0.024750669,0.015362484,-0.0059234975,-0.008351827,-0.031646173,0.022637311,0.03061659,0.03367825,-0.008243449,0.0039760927,0.014359994,0.009225619,0.018979577,-0.01461739,0.009476242,-0.0046263565,-0.02335531,-0.016513992,-0.010858052,0.021851575,-0.020361388,-0.025048707,-0.049094923,-0.013215259,0.01758422,0.025129989,-0.005246139,-0.023219839,0.010072316,0.006187667,-0.0074306196,0.0377424,0.012964636,0.033271834,0.031321045,0.00047584414,-0.00065449736,0.026620178,-0.008859845,-0.018288672,0.0015291361,0.008439884,0.014779956,0.01877637,-0.005737224,0.023152104,0.007958959,0.003100607,-0.015660523,-0.019697577,0.018315766,0.011352523,-0.026958857,0.02488614,-0.0011802966,-0.0023199518,-0.0229218,0.009923298,0.019467276,-0.01136607,0.0030836733,0.0006375634,-0.005784639,0.0051140543,0.014468371,0.026376327,0.0015418367,0.01480705,-0.012084071,0.011305109,-0.040072512,0.058577936,-0.039639004,-0.03950353,0.017882256,0.015064446,-0.0008416176,0.005429026,0.0038812624,0.038094625,-0.017299728,-0.033326022,0.006611016,0.03362406,-0.033732437,0.005313875,0.0047719884,-0.006211375,-0.024913235,0.007484808,-0.0673565,0.0039896397,-0.03538519,0.035520665,-0.019115048,-0.0022877774,0.025428027,0.035087153,0.039286777,0.010736127,0.042592283,-0.0066855256,0.027636215,0.020564595,-0.0006409502,0.017760333,-0.03400338,0.027026592,0.0339221,0.033353116,0.0032343855,-0.026118932,0.017367464,0.020144632,-0.023301123,0.042483907,0.023517877,0.0051919506,0.037850775,-0.021241954,0.00063375325,0.028069723,0.014129692,-0.023721084,0.06302141,-0.019426633,0.040668588,-0.0007251966,0.033027984,-0.05134375,-0.0044637905,-0.035520665,0.03478912,0.035032965,-0.024872594,-0.039611906,-0.0007285834,0.0010719193,0.011352523,-0.014414183,-0.005639007,0.011711523,-0.031077195,-0.02178384,-0.009760732,-0.00862277,-0.0075593176,0.061829258,-0.029126402,0.021892218,0.0044807247,-0.01724554,-0.004182687,0.009469467,-0.013662315,-0.0016790016,-0.01234824,-0.0039930264,-0.0025654943,-0.027771687,-0.001081233,-0.02880127,0.006956469,0.005384998,-0.018207388,0.021079388,-0.0118944105,0.030914629,0.014576749,-0.024940329,0.005137762,0.018126106,-0.01891184,-0.001487648,-0.023043726,-0.00745094,-0.011515089,-0.02212252,-0.0025536404,0.020334294,-0.0023707538,0.030399837,0.06052873,-0.001196384,-0.014102598,0.053619675,0.033082176,2.6737127e-05,-0.008006374,-0.023897197,0.018234482,0.052779753,0.0021015038,0.041210473,0.003647574,0.00862277,0.058361184,-0.023558518,0.015660523,0.018071916,0.0019829662,-0.006465384,0.017882256,-0.03256738,-0.03018308,-0.0117995795,-0.022610217,0.015376031,0.030779157,0.009049506,-0.050043225,-0.019833049,0.03798625,-0.03850104,-0.0020456219,0.020307198,0.0019169237,0.0032055976,-0.009950392,0.0018915228,-0.017448748,-0.012930768,0.025766706,-0.0077218837,0.014278711,0.0009499949,-0.011481222,0.0492033,-0.00463313,0.0056152996,-0.04226715,-0.013492975,-0.011101901,0.0031226212,-0.011142543,0.039964136,0.018315766,-0.036414776,0.010397448,0.051479224,0.025428027,0.016825577,0.008006374,-0.018708633,-0.008006374,-0.025387386,-0.004927781,-0.030724969,-0.03692957,-0.0004006997,-0.0032648665,-0.013635221,0.010363581,0.020767802,0.023761725,-0.00790477,0.026525347,0.0056017525,0.014888333,-0.02942444,-0.012172127,0.00490746,-0.034816213,-0.03338021,0.005767705,-0.038799077,0.0012243249,-0.011968919,-0.015403125,0.013113655,-0.002064249,0.0015900984,0.03644187,-0.032459006,0.07483453,-0.00023305355,-0.02350433,-0.03860942,0.035818703,-0.009943618,0.0032631732,0.00042673567,-0.017069427,-0.009327223,-0.0044841114,-0.0027856356,0.005137762,0.0012217849,0.013492975,0.0060420353,-0.030535309,0.0006858252,-0.01662237,-0.010363581,0.0020794896,0.0018254804,0.03644187,-0.022041235,-0.003442673,-0.025157083,-0.026593084,0.013926485,-0.029722478,0.021621274,-0.0109799765,-0.021851575,0.013425239,-0.018220935,-0.011948599,0.004294451,-0.010207788,-0.0077354307,0.008473751,0.0047719884,0.024493273,0.0024943715,0.0041759135,0.019318257,0.022257991,-0.004423149,0.0003935028,0.029641194,0.0016933955,-0.0028364374,-0.03516844,0.0007789619,-0.003935451,0.014441277,0.0064755445,-0.014387088,-0.016337879,0.00041276516,0.004165753,0.0054561202,5.334857e-06,0.0033258288,-0.0008509312,0.010275524,-0.0049548754,-0.00607929,0.006594082,0.0013149217,0.033055082,0.013587805,0.035656136,-0.0154979555,-0.022650858,-0.0049989037,0.014481918,0.026850479,0.015945012,-0.037200514,0.025184179,0.0073154685,-0.006611016,0.028205195,0.017286181,0.0073967515,0.015050899,0.0065602143,-0.03744436,-0.01696105,0.019548558,-0.008724374,-0.0016425936,0.009842015,0.0045484602,0.031023005,0.010336486,-0.005269847,-0.007240959,0.04131885,0.04830919,0.02885546,-0.011792806,0.015186371,0.0109122405,0.035601947,-0.04481402,-0.03449108,-0.046602245,-0.016459804,0.045220435,0.00353581,0.01590437,0.007992826,0.005269847,-0.027067233,0.004914234,-0.036902476,-0.02904512,0.017259087,-0.01215858,-0.03592708,-0.006648271,0.00544596,-0.01896603,0.005408705,0.0067329407,-0.016256597,-0.013486202,-0.011230599,-0.025902178,-0.02135033,0.009483015,-0.020496858,0.043079983,-0.024479726,0.0127817495,0.0007963192,-0.03205259,-0.009842015,0.0069293743,0.017502936,-0.0009974099,-0.0028957063,0.023287576,0.013079787,0.040018324,0.029912138,-0.0052393656,0.0039456114,-0.008087656,-0.02025301,0.01263273,0.010864826,-0.007403525,-0.024574555,0.027392365,0.03210678,0.0033749372,-0.014658031,-0.016744295,0.00070487586,0.008372148,-0.009510109,-0.08561808,-0.038392663,-0.0045653945,-0.012984957,0.016608823,-0.019643389,0.013662315,-0.012842711,-0.014359994,0.035276815,-0.0062926575,0.019453727,-0.005564498,-0.0036983758,-0.030291459,0.025211273,-0.040722776,0.0045891018,0.008053789,-0.0265118,-0.009957165,-0.013133976,0.023964934,0.0048972997,0.018898293,-0.00654328,0.02097101,0.014509013,0.051370844,-0.0027602348,0.0015020418,0.04175236,0.011040939,0.011887636,-0.009598166,0.019372445,0.0377424,0.02082199,-0.018518973,0.019711124,0.003412192,0.025319649,0.019968519,0.014752862,-0.027934251,0.0061842804,0.006675365,-0.011901184,0.02078135,0.0067024594,-0.025319649,0.02670146,-0.004890526,-0.011664108,-0.024899688,0.029587006,-0.03462655,0.0012387189,0.031971306,-0.009516883,0.02861161,0.012998504,-0.022461198,0.0010482118,-0.0058523747,0.0054866015,0.036658626,-0.037281796,-0.010275524,-0.004186074,-0.0128088435,-0.02403267,0.007965732,0.031050099,-0.0091375625,-0.027405912,0.011210279,-0.031185571,0.023043726,-0.028449044,-0.002260683,0.004517979,-0.040397644,-0.011609919,0.02732463,-0.02106584,-0.000927134,-0.00917143,-0.0057135164,0.023517877,0.020103991,-0.015755352,0.003776272,-0.0031463287,0.009205298,0.019087953,-0.0099707125,-0.018735727,-0.012050202,0.008107978,0.0004131885,0.0025756545,0.011189957,0.029397346,-0.0063976482,0.019033765,-0.005009064,0.014603843,-0.022677952,0.004016734,0.024235876,-0.009300129,-0.016581729,-0.026633725,-0.0219735,0.0040472155,0.0027365272,0.013418466,0.014739314,-0.022108972,0.04952843,-0.0033664703,0.0075931856,-0.0033546165,-0.029668288,-0.009191751,0.0037322438,0.020808443,-0.0037559513,0.023192745,0.0090766,-0.046656433,-0.043052886,0.03768821,-0.007965732,-0.040207982,-0.008588902,-0.008406015,-0.026267951,-0.0045653945,-0.028313573,0.018139653,-0.028178101,0.028936742,-0.00050082174,-0.016148219,-0.006590695,-0.013154296,0.04684609,-0.0021590793,0.009042732,-0.05296941,0.022447651,0.017096521,0.0015206692,0.020700067,0.0021692396,0.019982068,0.02044267,-0.040018324,0.048336282,-0.03004761,-0.0041420455,0.0039930264,0.024859047,0.0058083464,0.019833049,-0.008331506,-0.015755352,-0.012334693,-0.009855562,-0.004003187,0.021038746,0.006272337,-0.043919906,-0.0053104884,-0.010119732,-0.0023453527,-0.033596966,0.037959155,-0.008785336,-0.01777388,0.013967126,0.053294543,0.01053292,-0.016121125,0.028557422,-0.006461997,0.008229902,0.045030773,-0.05478473,-0.0011362684,0.027907157,0.03912421,0.012470164,-0.013885844,0.022230897,0.024439083,0.0055475635,0.0159992,-0.016446257,-0.004585715,-0.013648768,0.0035764512,-0.019318257,-0.02235282,-0.00053765305,0.040180888,-0.042592283,0.019385992,0.020943915,-0.025143536,0.00607929,-0.017651955,-0.018369954,0.004257196,-0.010377128,-0.022041235,0.021553539,-0.011779259,-0.025292555,-0.015199918,0.028963836,-0.011494769,0.019670483,0.003694989,0.028151007]'),
	(4, '2025-05-27 17:01:14.565299+00', NULL, '077745291864', 'https://images.openfoodfacts.org/images/products/007/774/529/1864/front_en.5.400.jpg', '', NULL, 'Salted snacks', 'Ready Pac', 'Chicken caesar salad', '[-0.023335172,-0.04806918,0.040311985,-0.009454877,0.013021915,-0.0346149,0.0017946464,0.0133907,-0.012163538,-0.015082023,0.007115002,-0.039218348,0.028587174,-0.004377729,-0.0010594613,0.08255691,0.011724811,0.02759527,-0.07563902,0.04168539,0.024492392,-0.009302276,-0.00067875464,-0.002271523,-0.009658345,0.027976772,-0.047814846,0.041278455,-0.021771016,-0.021961765,0.03619177,-0.025179094,0.009200543,0.045856472,-0.021147896,-0.033419527,0.042626426,0.0040979614,0.022750203,-0.0031203637,-0.018668137,-0.0012605443,0.016976813,0.0061103813,0.05473274,0.02032131,0.0124178715,0.04323683,-0.0022238353,-0.02314442,0.012328855,0.021542115,-0.010370481,0.009721928,0.02009241,-0.040617187,0.016201094,0.05089229,0.004072528,0.006361536,0.013746768,-0.04509347,-0.0024590946,0.041431054,0.0043332204,-0.031130517,-0.012220763,0.018184902,0.024734009,0.009156034,-0.0112288585,0.021542115,-0.0692298,0.029731678,0.0268577,-0.01168666,-0.04338943,0.006250265,0.046110805,-0.023271587,-0.015539825,0.06633038,0.052901533,-0.017103981,0.013746768,-0.038302746,-0.035352465,0.0047846637,-0.007369336,0.015476242,-0.008316731,-0.04516977,0.010904582,-0.006599975,0.007738121,0.027646137,-0.014115553,0.01505659,-0.0353779,-0.00762367,0.030469248,-0.028154805,-0.0045112544,-0.0024765802,-0.010631173,-0.023576789,0.0265525,0.005442754,0.0031330804,-0.04092239,-0.0051407316,0.03509813,-0.0124178715,0.03298716,-0.041710824,0.023208003,-0.00189638,-0.001590384,-0.03189352,-0.0033381376,-0.058140818,0.023907423,0.043821797,-0.06668645,-0.030138614,0.09817304,0.0032618372,-0.008068755,-0.0012215994,-0.07335001,-0.020639228,-0.00979187,0.0039835107,-0.021236913,-0.025166377,0.039854184,-0.02013056,-0.03642067,-0.041863423,-0.0085964985,0.0077063288,0.019914376,0.055546608,-0.027875038,-0.019977959,-0.049188253,-0.015158324,-0.007445636,-0.0362172,0.035555933,0.016506296,0.002867619,-0.032300454,-0.0044762837,-0.01587046,-0.08194651,0.047433347,0.012176254,-0.012481455,-0.00886355,0.030749016,-0.018159468,-0.023653088,-0.02302997,-0.012284346,-0.02713747,0.040744353,0.030469248,-0.031283118,-0.035428766,0.0015895893,-0.0004899909,-0.0055953544,0.0064314785,0.0031219535,0.010783774,0.021491248,-0.013187232,-0.03863338,-0.030367514,0.017498199,0.027391803,-0.020957146,-0.085761525,-0.0050135646,0.0030853928,-0.011267009,-0.012430589,0.020066975,-0.021160612,-0.0039898693,-0.009194184,0.049976688,-0.04176169,0.03100335,-0.047865715,-0.0018264381,0.026005682,0.03873511,0.023983723,0.03336866,-0.0068034423,0.03352126,0.0058719427,-0.05170616,-0.05747955,-0.051833328,0.0063869697,-0.026501633,-0.0021602518,0.021122463,-0.019939808,-0.058191687,0.04079522,-0.028103938,-0.05437667,-0.020715527,0.03153745,0.002352592,0.0091623925,0.0025131407,0.020524777,0.058344286,-0.040540885,-0.011038108,0.014471621,0.014738672,-0.008354882,0.011616719,-0.07869103,0.009225977,0.057123482,-0.010319614,0.011648511,-0.00715951,0.024428809,0.023983723,-0.029121276,0.005433216,-0.021338647,-0.022165233,-0.013848502,-0.0060976646,0.028917808,0.079911835,0.023335172,0.0043936246,-0.031028783,-0.014547922,-0.015883176,0.025662329,0.07172227,0.00797338,-0.013047349,0.045118902,0.027010301,-0.030927049,0.012239838,0.00057264953,-0.02032131,-0.009346785,0.021097029,0.004482642,0.03219872,-0.0133144,0.011133484,0.043135095,-0.023462338,-0.005499979,0.005480904,-0.029146709,0.054173205,0.0106120985,0.04160909,-0.006418762,0.029426478,-0.04911195,-0.011966429,0.02314442,0.06449918,-0.07029799,-0.03219872,-0.061243698,-0.025547879,-0.020168709,0.018286636,0.07507948,-0.04036285,0.031410284,0.0032681955,-0.005271078,-0.025649613,0.035886567,-0.0057765674,0.009988979,0.022699336,0.009060659,-0.0019631428,-0.00402484,-0.021236913,0.04160909,0.02151668,0.026374465,-0.012227121,-0.017345598,0.011743885,0.022851937,-0.025675047,0.016429994,0.0072040185,-0.03441143,0.031257685,0.042600993,-0.07375694,0.0042664576,-0.031410284,0.004733797,0.0263999,0.012519605,0.009060659,0.008736383,-0.0050676106,0.030062312,-0.0106120985,-0.041736256,-0.004969056,-0.008253148,-0.036776736,0.019494724,-0.018146751,-0.010116146,-0.029757112,-0.01075834,0.004094782,-0.024784876,0.019787207,0.056462213,-0.0033762876,-0.03270739,0.016519012,0.024823027,-0.05376627,-0.004752872,0.029019542,0.030291215,-0.034996398,0.053359333,0.0055635627,-0.043262262,-0.00936586,0.014725955,-0.017103981,-0.015705142,-0.0076999706,0.013009199,-0.0059768558,-0.015043873,-0.015183757,0.008895341,0.009938112,0.03135942,0.026450766,0.013759485,-0.007000551,-0.016735196,-0.00572888,-0.0013972489,-0.05023102,0.0010467445,0.014230004,0.023653088,-0.006361536,0.004638422,-0.023284305,-0.04697554,-0.011521343,-0.035123564,0.03418253,0.012519605,0.0073756943,0.05058709,0.015438091,-0.005957781,-0.012246196,0.06928066,-0.003900852,0.0005519849,0.04138019,-0.0444322,-0.018286636,0.010942733,-0.038175575,0.019698191,-0.028205672,-0.054783605,0.0043840874,0.05023102,-0.024632275,-0.0221398,-0.010821924,0.04211776,0.0031680516,-0.010459498,0.023322454,0.052850664,-0.0075728036,0.03858251,-0.0070069097,-0.010656606,-0.018095884,0.03807384,-0.014929423,0.03692934,0.06699165,0.02147853,-0.018935189,0.0047973804,-0.013746768,-0.01865542,0.022495868,0.00762367,-0.030876182,0.0066635585,0.031028783,-0.020257726,0.037946675,-2.039145e-05,-0.028078506,-0.04138019,0.016455429,0.030062312,0.018451953,0.060429826,-0.030418381,0.042753592,-0.015959477,-0.03464033,0.04354203,-0.004005765,0.004377729,-0.0152600575,-0.015806876,-0.01021788,-0.024708577,-0.05519054,-0.0006473602,0.04674664,-0.058293417,-0.036776736,-0.053461067,0.01134331,-0.009938112,-0.03509813,-0.019558307,0.012684923,0.06373617,0.0034748423,-0.023983723,-0.011171633,-2.0143078e-05,-0.0033317793,0.025458863,0.017854268,-0.009270485,0.01672248,-0.015590692,0.0036719514,-0.00027142238,0.053155866,-0.057835616,-0.014662372,-0.028612608,0.022775635,-0.024060024,-0.034691196,-0.0008774533,-0.020829977,-0.011584926,0.036903907,0.040744353,0.024555976,-0.0040153028,-0.043414865,0.0356831,-0.021503964,0.09613836,-0.033572126,0.007928872,0.007280319,0.0075410116,-0.010491289,0.00243843,-0.0032300455,-0.014013819,0.026298165,-0.028739775,0.02384384,-0.04837438,-0.005849689,-0.009028867,0.03784494,-0.02833284,-0.013632318,0.041787125,0.002039443,0.003417617,-0.043262262,0.013034632,0.01575601,0.012258912,0.0032220974,0.05600441,-0.010548514,-0.0025989786,0.0060944855,0.0070259846,-0.04018482,0.0033031665,-0.023742106,0.011883769,0.0030949304,0.048781317,-0.035886567,-0.022419568,-0.042702727,-0.021631131,-0.0076554623,-0.010389555,-0.037132807,-0.055953544,0.08464245,-0.0027086602,-0.03375016,0.039498117,-0.019952524,0.013848502,0.01679878,0.010154297,0.013098216,-0.03700564,-0.011260651,0.0032268662,-0.022534018,-0.016175661,0.02399644,0.00017048346,0.010739265,-0.018960621,0.026654234,0.034538597,0.016620746,-0.01192192,-0.009467594,-0.006936968,-0.0014250668,0.002721377,0.02585308,-0.020410327,0.004358654,-0.02302997,0.011756603,0.0145352045,0.02291552,0.019151373,0.008291298,0.021160612,0.008927134,0.017866984,-0.052698065,0.012017295,-0.047128145,-0.003916748,-0.0053505576,0.03695477,0.022623034,0.031206816,0.036369804,0.009067018,-0.023309737,0.027391803,-0.0010840999,0.015705142,-0.014230004,0.019927092,-0.04079522,-0.019214956,0.08728753,-0.021783732,0.000708162,-0.026005682,0.011559494,-0.022851937,-0.022076216,0.032631088,0.025916664,-0.027468104,-0.03352126,-0.0012303421,-0.04211776,-0.03189352,-0.020066975,0.05213853,-0.034385994,0.0073756943,0.0022015811,0.042931627,-0.0053028697,0.017154848,-0.028587174,0.020041542,0.0071404353,0.039447248,-0.028561741,-0.021046162,-0.010211522,-0.010980883,-0.0054713665,-0.024047308,-0.015997626,-0.012703998,0.005038998,0.047306176,0.0045303297,0.001993345,-0.038455345,0.024441525,0.033190623,-0.0080814725,0.0028183418,-0.018629987,0.03878598,-0.036547836,0.019952524,0.023716673,0.014102836,0.06058243,0.028307406,-0.010071638,-0.017218431,0.002883515,0.019723624,0.046543173,0.016709764,-0.048705015,0.021910898,-0.026527066,0.03199525,0.021440381,-0.009130601,-0.008888983,-0.024288924,-0.049747787,-0.014598788,-0.022775635,-0.009467594,0.0066826334,-0.02581493,0.0071340767,0.006606333,0.05330847,-0.0011158917,0.022813786,-0.0069560427,-0.034589462,0.023233438,0.026272733,0.021046162,-0.012373363,0.015641559,0.029426478,0.019113222,0.0059355265,0.015425375,0.011470476,-0.008170489,0.022394134,-0.020766394,-0.0082340725,-0.00445085,0.03278369,0.017231148,0.063227504,-0.027951337,0.05305413,-0.019367555,-0.016709764,-0.018248485,0.021300497,0.022559451,0.022152517,0.000867121,0.020842696,0.0105612315,-0.004485821,0.01679878,-0.013238099,0.014776822,0.007814421,-0.019761775,-0.0034207962,-0.024606843,-0.006599975,-0.0031140056,-0.0024908865,-0.014217286,0.0138103515,-0.012818448,0.0013837375,0.02592938,-0.0017628545,0.025903948,0.029986013,-0.018121319,-0.007273961,0.03011318,-0.0065618246,-0.019265823,0.012799373,0.0111271255,-0.028790642,-0.0063837906,0.014408037,-0.018413803,-0.03336866,0.016506296,0.014280871,-0.002004472,0.0102496715,-0.0021936332,0.002055339,0.002198402,-0.016404562,-0.010694757,0.014611505,0.00083930313,-0.002209529,-0.057428684,-0.0014250668,0.0072040185,-0.0090543,-0.018782588,-0.034818362,-0.014713239,0.011623077,-0.035276167,0.0034112586,-0.011667586,0.01950744,-0.010872791,-0.025433429,0.0024336611,0.009378577,0.0033127042,-0.012456022,0.040846087,-0.023932857,0.008195923,0.012246196,-0.029426478,0.041125853,0.06643212,0.023017254,-0.0018375652,-0.0022747023,-0.032834556,-0.0036020093,0.043643765,0.008615574,-0.028460007,0.019214956,-0.016315544,-0.0014028125,0.008195923,-0.004806918,0.060938496,-0.0067017083,-0.017599933,0.040337417,0.021122463,0.036166336,0.0071976604,0.0013479717,0.003231635,0.016112078,0.017447332,0.0066635585,0.015806876,-0.016582595,-0.007172227,-0.010434064,-0.0027277353,0.00917511,-0.005430037,0.026603367,-0.024746725,0.026984869,0.020715527,-0.07543555,-0.008507482,0.021910898,-0.058089953,-0.0115404185,-0.0124687385,0.03227502,0.029248443,0.01010343,-0.02767157,0.072485276,0.029146709,-0.022025349,-0.01192192,0.0077063288,-0.008774533,0.0356831,-0.017790683,-0.0178797,-0.003954898,-0.007115002,0.022127083,0.021974482,-0.0020887204,0.012430589,-0.034970965,-0.015323641,0.0043904455,0.032173287,-0.030138614,-0.0024416093,0.010650248,-0.032885425,0.018897038,0.0029773007,-0.031486586,0.03199525,-0.02388199,0.026170999,-0.027061168,-0.014738672,-0.01676063,-0.011864695,0.041710824,0.0129328985,-0.018299352,-0.052698065,-0.014001102,-0.014980289,0.01668433,0.0071849436,-0.028968675,0.033038024,-0.034157094,0.0034112586,0.017434616,-0.035479635,-0.008539273,0.031944387,0.01587046,-0.01649358,0.0263999,-0.024021873,-0.019240389,0.0063647158,-0.0635327,-0.0038817772,0.022279684,-0.01579416,-0.0028898735,0.0013964542,0.057225216,0.0154126575,-0.0049213683,-0.030774448,-0.052240264,0.012684923,-0.0043363995,0.024988344,-0.022839218,0.024568692,-0.022584885,0.03835361,0.016862363,-0.02058836,0.0055985334,0.011629435,0.025433429,0.014878556,-0.01768895,0.031690054,0.034004495,-0.011845619,-0.0022015811,-0.02840914,0.04605994,0.014458904,-0.003932644,-0.0029884279,-0.011966429,0.0011135073,0.026908567,-0.03298716,-0.0028978214,0.0013940699,-0.016480861,0.03174092,0.030545548,-0.0081832055,0.03158832,0.026577933,-0.013403417,0.0028199314,0.0089589255,-0.006778009,-0.041965157,0.03975245,0.007636387,0.020232292,0.026501633,-0.017663516,0.015107457,0.0015983321,0.017752534,-0.0035638593,0.0018693571,-0.0022667544,-0.022775635,-0.015183757,0.0032443518,0.020270443,0.0030853928,-0.022534018,0.0008289708,0.041965157,0.0024368404,0.024428809,-0.018159468,-0.011209784,0.0012820038,-0.0068543092,-0.017409181,-0.04725531,-0.008780891,-0.0039453604,0.036903907,-0.058700353,0.02945191,-0.037997544,-0.024428809,0.0017231148,-0.0019599637,-0.022673901,0.008615574,-0.032885425,0.060175493,-0.022483151,-0.015005723,0.012843882,0.05073969,-0.03433513,0.008717308,0.008170489,-0.022152517,-0.0071467934,0.0032157393,-0.050409056,-0.008742741,-0.018820737,0.024632275,0.009270485,-0.022839218,0.021325931,0.022470435,0.02980798,-0.025662329,0.025395278,-0.027315503,0.0064569116,-0.003487559,-0.024060024,0.025560595,-0.003932644,0.034996398,0.044711966,0.03270739,0.021580264,-0.0070895683,0.03026578,-0.0059228097,0.007820779,-0.0077889874,0.012099953,-0.018986054,0.02233055,-0.0119537115,0.024123607,0.00793523,0.040083084,-0.026679667,0.057581283,-0.006304311,0.011050825,0.0010244903,-0.0045653004,-0.015616125,-0.010020771,-0.020829977,0.016964097,0.016506296,-0.0031712307,-0.043109663,-0.0057447758,-0.03138485,0.0145860715,0.006568183,0.0043809083,0.055088807,-0.032885425,-0.022394134,-0.020117842,0.0023160316,-0.033572126,0.019571023,-0.009664703,0.041863423,0.018553687,-0.0084947655,-0.011336951,0.025191812,-0.0061072023,0.03436056,0.007827138,0.011044467,0.014764106,-0.0069178925,0.005156628,-0.027976772,0.018006867,0.011464118,-0.021910898,0.019532874,0.022432284,-0.016379127,0.002705481,-0.0535628,0.0031299014,-0.02782417,-0.014433471,0.00011743091,-0.029426478,0.0061517106,0.013288966,-0.011718452,-0.022203384,0.0181086,-0.0028008563,0.011006316,0.05229113,0.011521343,0.0027627063,0.04308423,0.05376627,0.013721335,0.00475923,0.0020585181,0.015603408,0.024937477,0.035403334,0.061345432,-0.014980289,0.026120132,0.027264636,-0.017714383,0.03812471,0.013581451,0.0004887987,-0.010834641,-0.0072167353,-0.021681998,0.012201687,-0.0017708025,0.0019424781,0.022203384,0.034284264,0.008532915,-0.021796448,-0.037107375,0.021529397,-0.036547836,-0.012519605,-0.010160655,0.015921326,0.004072528,0.008005172,-0.029019542,-0.022343267,-0.01621381,0.03176635,0.020982578,0.00072167354,-0.015043873,-0.0063965074,0.014802256,-0.009003433,-0.014980289,-0.033495825,-0.022432284,-0.015425375,0.019265823,0.009346785,-0.0085964985,0.014929423,-0.004988131,-0.00071968656,0.011559494,0.007858929,0.040591754,-0.015158324,-0.035047267,0.024403375,-0.026120132,-0.014929423,-0.0144843375,-0.010720191,0.03766691,-0.013110933,-0.0057415967,-0.0049404437,-0.03695477,0.020143276,-0.020486627,0.0133907,0.03509813,0.017447332,-0.00983002,-0.004113857,0.013746768,-0.022635752,0.010656606,0.008164131,-0.029858846,0.0066635585,0.033851895,-0.020715527,-0.0044603874,0.005388708,0.0055889958,-0.00097600784,-0.032453056,0.066584714,-0.01854097,-0.022546735,-0.0022619856,0.016595311,-0.008933492,0.011267009,0.019494724,-0.014153703,-0.03153745,-0.0023589504,0.0054046037,0.014280871,-0.02840914,0.022508584,0.008036964,-0.01579416,-0.010949091,0.0030313467,-0.01892247,0.0060054683,0.005398245,0.018833455,-0.032681957,0.0025131407,-0.02736637,-0.024873894,-0.017905135,-0.008145056,0.011445043,0.0014576534,-0.0059514223,0.00356068,-0.004597092,0.03336866,0.012208045,-0.050765123,-0.02550973,0.022839218,-0.02818024,0.0055285916,0.010904582,-0.021758297,-0.005283795,0.033114325,-0.000683126,0.0047465134,0.020766394,-0.018286636,-0.021834599,-0.022597602,0.02751897,-0.029197576,0.0038595228,-0.0042664576,-0.013530584,-0.0019806284,-0.0106120985,-0.008367598,0.025331695,0.003433513,0.016862363,-0.0038849562,0.035352465,-0.0054046037,-2.7494927e-05,0.008571066,-0.044025265,-0.004864143,-0.0050262813,0.01718028,0.006981476,-0.020181425,-0.028510874,0.008990717,0.039421815,0.026094697,-0.0010968166,0.019443857,0.014789538,-0.015005723,0.01524734,-0.00154826,0.023195287,-0.0050739693,-0.019011488,-0.027875038,0.018871604,-0.03664957,-0.019227672,0.020715527,0.0076491036,-0.011966429,0.038989447,0.0030249883,0.013797635,-0.031664617,0.0016945022,0.02194905,0.025395278,0.0027309144,0.0026291807,-0.0042696367,0.02840914,-0.071010135,-0.016569879,-0.040973254,-0.011324234,0.0070196264,-0.00704506,0.017116698,0.020003391,-0.0019981137,-0.0061548897,7.0190305e-05,-0.016595311,-0.002956636,0.014967573,-0.019011488,-0.028103938,0.015692426,0.019825358,-0.022508584,0.009461235,0.023525922,0.028358273,-0.0016658896,-0.018604552,0.0039294646,-0.025560595,-0.025484296,-0.018553687,0.0071658688,-0.015323641,0.05244373,0.0046161674,-0.020181425,-0.013060066,-0.008151414,0.015705142,-0.031461153,-0.040846087,0.015972193,0.008742741,0.02782417,-0.0011977556,0.002751579,0.013734052,-0.0069687595,-0.033317793,0.03176635,0.0003568628,0.013962952,-0.03115595,0.022127083,0.01916409,0.0033731086,-0.017091265,-0.008087831,-0.0019138656,-0.0013416134,-0.012602264,-0.030952483,-0.027569836,-0.0060436185,0.013187232,0.010694757,-0.008952567,0.0015140838,-0.042855326,0.0068797427,0.024912044,0.0036274428,0.010510365,0.013823069,0.020486627,-0.011508627,0.0352253,0.007280319,-0.025280828,-0.03247849,-0.009086092,-0.013530584,-0.004533509,0.016620746,0.029833412,0.0359883,-0.0036210844,-0.0050676106,0.008284939,0.01861727,0.018706286,0.00429507,0.052189395,0.010593023,0.024454242,0.00035090183,0.010109788,0.00050032325,-0.011839261,-0.031613752,0.033928193,0.010256031,0.053969737,0.03479293,-0.02782417,-0.003843627,0.008914417,-0.004597092,-0.023347888,0.020969862,0.034996398,-0.0053537367,0.012608622,-0.009410368,-0.010707473,-0.015895894,0.012322497,-0.015501675,0.0020887204,0.033343226,0.020728245,0.03107965,0.014497055,-0.011559494,0.0044127,-0.0103005385,-0.009988979,0.0023208004,-0.02492476,0.00024360456,-0.016226528,-0.023780257,-0.0039231065,0.009569327,0.003808656,-0.0058719427,-0.01850282,0.029070409,-0.026527066,-0.0061707855,-0.019494724,-0.020880844,0.0035702176,-0.039574414,-0.0050231023,7.878402e-05,0.004895935,-0.02496291,-0.023589505,-0.0036910265,0.010116146,-0.009976262,-0.016709764,-0.015438091,-0.014293587,0.009067018,0.015552542,0.0010618457,0.0029709423,-0.033851895,0.021224197,0.0030758553,0.026450766,0.040693488,0.020003391,-0.021732865,0.009213259,0.0037387141,-0.010033487,-0.017790683,0.030392947,0.04183799,-0.0038277311,-0.026501633,-0.01985079,-0.04280446,0.021681998,0.0040852446,-0.0022905981,-0.008418465,-0.008310373,0.055088807,0.017447332,0.059310757,0.0011294032,-0.038531646,0.0015347485,0.043491162,0.018490102,-0.01869357,0.02411089,-0.0015307745,-0.02350049,-0.01613751,0.03224959,-0.028129373,-0.0174219,-0.013002841,-0.007579162,-0.019914376,0.0049372646,-0.009334069,0.028281974,-0.022635752,0.009899962,-0.014522488,-0.018719004,0.036573272,-0.016073927,0.02736637,-0.012379722,0.024466958,-0.04094782,-0.0051725237,0.0023112628,0.010128863,0.003180768,-0.014624221,-0.0145352045,0.005716163,-0.009067018,0.016417278,-0.022953669,-0.055495743,0.0012446485,0.024212625,0.017892417,0.011216142,-0.017943284,-0.027239202,-0.013301684,0.029579077,0.013912085,0.011864695,-0.004523971,-0.034080796,-0.021643847,0.03153745,0.013072782,-0.022038067,0.03695477,0.025827646,-0.011057183,0.0029868383,0.072587006,0.037794076,-0.011597644,0.004651138,0.0154635245,-0.014878556,0.016353695,-0.014369887,-0.008488406,0.002152304,0.010866432,-0.0023907423,-0.008259506,-0.0035511425,0.0045303297,0.0019186343,0.014115553,-0.036675006,-0.01590861,-0.008272223,0.03135942,0.003274554,0.016582595,0.0031362597,0.026730534,-0.0266288,0.01702768,0.016557163,-0.010440422,-0.016340978,-0.004202874,-0.017574498,-0.03247849,0.006091306,-0.007947947,0.03723454,0.03158832,-0.0010793312,0.01021788,0.021186046,0.0036783097,0.0353779,0.018261202,-0.010370481]'),
	(5, '2025-05-27 17:25:21.874981+00', NULL, NULL, 'data:image/jpeg;base64,/9j/4AAQSkZJRgABAQAAAQABAAD//gA7Q1JFQVRPUjogZ2QtanBlZyB2MS4wICh1c2luZyBJSkcgSlBFRyB2NjIpLCBxdWFsaXR5ID0gODUK/9sAQwAFAwQEBAMFBAQEBQUFBgcMCAcHBwcPCwsJDBEPEhIRDxERExYcFxMUGhURERghGBodHR8fHxMXIiQiHiQcHh8e/9sAQwEFBQUHBgcOCAgOHhQRFB4eHh4eHh4eHh4eHh4eHh4eHh4eHh4eHh4eHh4eHh4eHh4eHh4eHh4eHh4eHh4eHh4e/8AAEQgBzAH0AwEiAAIRAQMRAf/EAB8AAAEFAQEBAQEBAAAAAAAAAAABAgMEBQYHCAkKC//EALUQAAIBAwMCBAMFBQQEAAABfQECAwAEEQUSITFBBhNRYQcicRQygZGhCCNCscEVUtHwJDNicoIJChYXGBkaJSYnKCkqNDU2Nzg5OkNERUZHSElKU1RVVldYWVpjZGVmZ2hpanN0dXZ3eHl6g4SFhoeIiYqSk5SVlpeYmZqio6Slpqeoqaqys7S1tre4ubrCw8TFxsfIycrS09TV1tfY2drh4uPk5ebn6Onq8fLz9PX29/j5+v/EAB8BAAMBAQEBAQEBAQEAAAAAAAABAgMEBQYHCAkKC//EALURAAIBAgQEAwQHBQQEAAECdwABAgMRBAUhMQYSQVEHYXETIjKBCBRCkaGxwQkjM1LwFWJy0QoWJDThJfEXGBkaJicoKSo1Njc4OTpDREVGR0hJSlNUVVZXWFlaY2RlZmdoaWpzdHV2d3h5eoKDhIWGh4iJipKTlJWWl5iZmqKjpKWmp6ipqrKztLW2t7i5usLDxMXGx8jJytLT1NXW19jZ2uLj5OXm5+jp6vLz9PX29/j5+v/aAAwDAQACEQMRAD8A+melKGozRtzXxsT6Ni4zzUbqe1SijGaoRXBI604VIyUzYR0qGmUmIRmo2XFS4I70EZpMaZCBilFP20BaVirjQuaVU5zTs04HmrSJbFFLnFKDmgrVozuANP7VERinK1O4MfQGpuaKpSFYkzmlqLpShqdxND9uaa8WaM05XpNpi1WxXaMqc0CrXBppjB6daXL2K5+5BR0p7IQaaRipaZSdxC2KVWzSGkFOMrDsShqeDxUA4p4arUrktEmMio3jzTlanA1bVydUVmiPaoypFXeoprR5rNwLVTuVA2BS7qkeHFRshHNTZl3ixQc0hFJmjcKdxi4FA4o3UEg0XAcHpyP6VDmgZFVGYuUupJT+tVEepVetOe+5lKBI8eaYUIqRJKflWosmRdoiU08UNH6UmCDRawXuSr0p2Aag31Ij+9XFkSQrRgioypU1LuoJzQ0ugJsYshFO800hUUxlwaOdoLJjmkzUZ5oPFGawm29y1ZbDStNxUlG0VHKUmR4oqTaMUmMUcvYfMMozT8UbaLMLiBqKNlFGoEZBAzQCQealIpCnFTyj5hgNOprAjtSZx1oAkFIRSA0ZoENYU3GKeaaQaT3KTG8etBFBU03JXrUbFDulGTmk3ikLUKQ7EganqRVfdTlaqUxOJY600rTQ1PBB71ejI2IyCOlKGqTAphXPTijYLi/jTd1IysOlJj2pNjWo7d70A81HsJORT1yBQmOxJuwOtIZwvUikxkVBLEx6U5Sa2Eop7ksl0vqKryXGelQvE2etMORxWTnJm8KcUTxz881OsgPoKz8c09WI71MZMqVNdDQzmiqqTetTq4I61qpIxcbD84pwaoy4FNZ/SrUyeUsKwPeng5FVUbmpVJq4yuS4kpFN2gjmlBoJqiCKSIHoKheJhVotTWINRLl6GkZNFM5Hak3VYkVT0qFkrF3NoyTG5xTlembT6GnKpPakmN2H5p4Yim+WaVUIq4sz0JUOakV6iWnCtYszaJ1engqetVsmnBq0uQ4EzICOKjKkUBqXd2NDFqhFcg804N70YUimlcc1OoaD93qaCaiye9Kpo5gsPK5pm3FPz6UE+tFrghmaAaXGaQj2qLDFDUu4Uzn0pN2KL2HYlBFPUqarg04GmpkuJPtWioN3vRV+0h2FysFOadUPIpwfFYJltDzz2ppTPanBgaWqsK5HtxSGpCM0hUUrDuMopxWkIxUjAAEU10BozRu96NGGqIjHimlcVOeaQqKlxXQtSZBjFOWnlKYVNZuLRXNcUE04HFNUU6qRLHBqfxUWCO1LuNaXE0S0wgUqnNL0ovcnYjIIpM1JTSuaTKQKaGamlSOlJkjrQMUgEdKieJSOlSK65xmhiD0pNJlJtFVo8Gk21ZZcjNNKGo5S1Mg2ZpygrUhUjqKaSKVrMadxp3ZpQT3oHNI2aLjJImqwoYruwcVTQZkVR3PNNuL6bzDiTao4G1q78Hh/b3OPFVlSsXw3HpRuz0NZkOpyuMx3Ecq+vDD9KnXUJM5aKI/QYrreAn3OdYuPYt0hqut/ET88JH+69PF5aEdZV57qDWUsDWWxaxVNjzSgUCa1Y4WbH1BqRYS4ykkbD/ex/OsZYStHoaKvTfUiZaFxUpik/u5+hBqMxuDjY2fpWDpTW6NFUi+o8EelP2g9qg3Y605ZPei9t0DV9iQrjpSHihZAaf8AKe4q1YWqGZFGRTiARSbcUwEJxRuNBU4pp4FS2OyHhjTt1Q5oDYpKQcqJ+DTSKj30GSncXKSAkGl3A96iL5pc+lJSDlJcijNRg09SKpSJasPAzQ0YpucdKUP7VV09xa9CNkIPFNyR1qfdnqKRwrCocew07bkG6in+Ue1FTysu8RKTilFOxxUiIycU5X55oK0BeeaEmDaJRzRg00U7dVpogXHrTWwaXPFIeaAI3HFRDrzU5HamMtZSWtzRMARSHOaTOKXOaVxgD2NLgGkNAzRcAIFGKKXNO4MBjvQVFITRmi4CcinjmgEd6TpTQmOAzS4poNKDzVIQY4pjpkVLmggGhq4J2KLQMGyCaeoI61aK01l9qjkL9pfciXrUgApjAg04NTQnqKUBFRtCKlBFOocbiTaKZjK9qYRV4gHtTGjB7VLplxqdypD/AK5c9jk/hzXy78fviZrcnxb0bwVoE1zaCyu4pLl4xgzyNyAoIwVAP5n2r6rEB2SNGMsI2x+WK8L+J/wrudW+Jmm+ObQRxtp9ofPiwQZ3T7mCOnBPNe3llPlptnnY2fNNHR/CnTYdOs9SmtlmVLi6Yl3cOHPc5B5547V2u4+uR6VzfgBZV8K232i2+zy874yCMHPv/PvW+GOP8K9FbHGybzPUUnmDoah3UA+tUBYDDsRVhHYgc/lVVQPSnY4+UlaCWWN7A/8A1qkSaUNnzXH41S/eZyJKcGl/vA0WXVDXkaAu7j/nq3409bkOcyjPuBjFZpllXqoNcJ408e6nofi+00W10m0vY51U7jcbXGc546dAaiVKElZoqM5Re56h9ogUZG9ye3QZoW7i6FCvuGzXkg+L1gtpeTz6NcqbRI2kSO4Rzl5CgA5B9+nrVi2+Lnh51Qy2GpRb/SNWx9cGs1haW1inWqPqetBwQNvIpynNZ2lTCe0E0ZPluAy5HOCM1cDEV4tZKFRpHp025QTZPgU1lpqvTt9Z8yZVmMK4pjCp8ikIBqHG+w0yqSRTGY1aZAajeKsmmjVSRErGnq+OtMKkUxiRU81irJlgOKerVT3mlWXnrT5xOGhezxQDVVZuevFSCUGrUiHBonzRmow2RTs1fMQ0PDGimgjFFFxWE7+1BfFR7s9qaTWHMXyk4fNJkZzUamgmqUxcpIHFKWHrVWSUIM1AbwHpUuskWqTexoeYBR5qnvWU9w59qak7huaj25p9XdjYzmkPNVYbnIweKsqwbpWkZcxi4OO4mKTmnkU2hxBDd1OFIVFJjFTZodxc800se1HU0YNFxghPenjFMPFC5FNMTJMGk5pu+nA000xDhig005pRxVCFpQaQUZ5qkKw7P0pabmkZsDNJhYcVFMK800yNS7iaV0NJiEGnK/ajrSYwaS0GPBzS1HnFAfBqlK7sJovWSKYpWYZBwB/Wmz2lu2cxqD6jipYcpbRr6/MabLvMbBJPLcjhwM49/evpsLD2dFLqeNXlzVGZdxYqB1OOxzx+tVXsATwB/wB84qtq+sS6NPb22o65oZmuZBHDHcEwvIx6AYJ5qxJeapCcy6I8i4yWtZlkH9DWzMtSFtPYHgD8GqJ7OReeat2+rWzNi5tby2PpLbkD86uLqOkHGLuIfXI/nRoVqY3lyqM4yKTLgfOpFdBHJZzf6u5t2z0w4p5tIpBkAEYzmkK5zXmAev5U4Sr6mt2TToeuyoH0uE9vyplGX5g4xXkvxUk0Wx8RR6zeWsssxlCGVb0xmPYvChcEYbOOle0SaSuMgn8KytR8LWN5KZLqztrljnJljzSA8YtLHwZeW8lm/wDbFjJexWsjxlxPl2LpGu7qdnLZIAI+lMs/DGhapdLDp+sNILSQlhNaSAYVsdeTu6ck4x26V6wPAukwyCWDTo0kBiO9Xbd+7OUHJ6A1W0zwJp2lPIbG3nhWXcZR5m7fkgnk89v1NAHa2CBbZQAAvQYqfAptiP8ARVDDkVKV9K+dxP8AEZ69F+4hoABzQTzQ2QKjJrmbsbJXJQ/alDVXJ560u73pe0HyFndR1quH96cJBQqiFyskKg0xo805XFODU3Ziu0VZIT2qtJGw5FafU9qjZAazlTuaRqWM0My9acs1WpYAe1VZICvTpWD5om0ZRluSpP8AWpBKDVA7lpFkOaarWKdJM1BKMUVQEvHeitPbmfsjR70EUisDTsHGamxi3YbjHNKOaD6Gko1uG4kkIZTVN7Yg8VoBu2KXhhQ4JlRqOJmeS3elWEd6vslROtQ6aRoq19CAIBUsTsppOOlOAAFCugbuTrID1p3XpVRyRyKI7gjGa0VTozJw6ouY5pGFNSVW7808nNappoizTGYpwpDSgUkhiEU2pCPemEGk4sExKVTSYpG4qdh7kgoxTFY08E1aYmhDn1pRmlpRimokjcH1prZqWkK1dguMH0pp61Jtx3ppGDU8o0FKG7GkPSm9aAJDzSpHvkVfU4qPOKsaed0+7HCqTV0Y81RIio+WLZckPzY7DgVXu2kW1maJQ0gjYqp7kD25qQn3qrqVnDqFjLZ3BlEUy7XMUhjfHsy8qfcGvq7WVkeEnfU+c/Edrqj6hPPa+HmhMlsTdQNEIiYt53TB7ht4I5GVAr0K81a0b4ZaBZeC4dShgvJ8ReZujkjt4A0kkjsxyEJUDOfmDcVvS+A/AVjeW2oaxCk8yEpBNq169wEPXCiViPerV3Z+FfEPiCS3k1y4kfZHaRW9u4ESHHmkDAIYthCc/wB1QKm1i3qeX6drPjS10/TdQh1O8v8AVruYrPF9pR1igZiVAQ55wDjjOOvpXffETxHfaPb2FtZyyzXqwLPdv9miZdh6llbGD6AYq54f+HdroWoi8uPEc/225ugyqoREcKPljA6ngc/U4FS694P1XW9Yvr2PUbCSxv5ohNH8xbyYyMpkggk4I7detOwXRiWXiK+ufHNv4eOhWF3vgjbY4SKWUH78525ChRx5f3jkHp00PHuv6d4d1YafaeHnuZMRkyLMyKC7Yx+ABOe1QeE/BmpwavZ3OpaSkVrYyXN8sdtqHmJLcs+IkCcBNilgcEg5AJxWTf8AhvxJearceda3SXEwe4Mgsd8Zmc5EXmhh8ijC7iO3FLZC0udH4E8R6d4n1CWzgt9TspERpc/aCyeWG2gk+5BqSbxJpS263FpquszxtIqJt055Adxxuzt+6OpPpVD4cQ6pYabrNzfWE9teQL5SRmOTzNx74AZSueQRuOPyrk9Y0DWNV8VLss/O1OSwuJGSY7TlAjxllUgqGYBMlUyGIxS1Hc9P0m8fVGlXS9bsr1ocCVDAQyZ6ZHGM1da31petvZyfRmX/ABrM0X7MngKXUdPktVmuoz5sn2XydmMgoys4JKfMMM1ef6FB4iuHitbE3Nrdxstw90ySIsyE7VQxoSibgA2eg7g09hHq1qt0wb7VarAeNu2TcG9ewxTrlVjiZjwAK14wREvmYLYAY5Bycc9h+eBWP4qbbpzqnyu5wCOtFR8sWxw1kkY9jeeW7KTlGOTz0rWUggEHIPINcjHDdqfkfPswrZ0h70EpMiiLGc56GvDlGVWLbWx6vMo2Rq8VG6ClJ4zSHPrXDJ30N1oQuh7UxQQeatj3pGjDDis3TvqjRT7lYikFStEe1RspHUVm4tblJpig4pwfHWowaRqV2kOxOHB708dKqKD2qVC44pxqXJcexOaaQD2oGfSl/CtHsQQyQqwqrJbEH5RV/vzQcGspQjI0jUaMkxyAkYorVKj0oqfYmntmNZe4pVcqeelOHNBAPWtLMwHcNyKaQRTcFeRTlcZwadkxbC7aQZWpBzyKDzxinyWFcRSDTXTinbccijd602kK/YpzIwGRUSyYOGq+wBFVJ4cjKjmuecWtUdEJp6MCQRUTrxxQDt4NScEetZ7l/CURI6PwavW9zkYaqk8ZzkUkYOKlSaZrKEZq5rKQ3INKD71Rt3ZTVnzOOa6ozVjklBplkGg4qBGLdKkG70rRSM2rCsQKjJGcVIUJpfK5oabBNIjHXing0uymspFCTQXTFPPejOKjL7TyaTzAaPaD5bkwalDCq5Y9qPm65oVRhyFsYNIVqujMDip0bPWtFJMhqwjrxUeKnIBprJTcdBqRERVuzGyBn/vMFqsQQc9q0YLd2giQ8YGWrsy6lzVbs5cZUtTsQSOiDc7qijjLHAqaCLzG4dCO2CDmra2tu0WySJJFz/EM5qjrUWn2VjNeHT1mKL91Mgn8ug96+hZ5KOZ8fWd9dTma3gu0jsU2QzR44kk4L7cHcAOMY61V8GW5XxxfxX+nrblpDcWsb2g3yKVT96zY+XGCAo5ySTW7aajpM+nT35iubWG2iEjMsxxg9ADnmm6XrWj6k4Wz1PUY37h27bd3U9ePSoL1M67+0r4puNSsdZjkigiczzXUG6O1HaOPkDJ79+OvapdJS+07wRf6jLOFa8iM8VvFGR5TvnhO/wA3Bx2Jq9aXukarHHb2+vW9wtwWKQvEh3kYJO0ir1ypknitri/02SRJAYopEAIYDIwAeoFIDxOGbWdIsPLs5pYWVWYkT3CFn8sDJBBBLSy5P/XI9q9N8ST39n4e0nTv7TeG9mK+Y/m7nYDvu471s3GiNJC0UlhaMjRmL5JnQgFt/Ge+4A+3NUvEXhqHXLwXeoaddM4iEY8i7wNobd0x64/KizsPqcpBr3iCfVo7e31OcCRkVWBUjcZMBduOm0EnnvWr4x8Watp3jG10jR7SGYy8zO0Wd4RSWTfnAOSo54rTs/DmlWWsW+p2+lX0DREuUVVcOxGAc5PTn86zfEGiXmqT3Usl+kDTtGATYSB1VWyw3Kf4+AfYUtbD0Zf8I+IH8UX93Z6hpFqY7WUn5iHERBwoIP3mPLbhxgjmujuNE0q4vRezWaNcAr84YjO37uQDg496yPCkdnpkTLdT2SzkbRIpKll9Oeg9q6OG4t58iG4ikI7I4Y/pVxV1qZyeug4+/Xua5zxI++4SLP3Rmuic4Ga5e6PnXjyHpnFKr8NiqbtK5BBCOCRV8IEi2+vNNtkH3j07UTuPMMfO7Gc+nt9f8K5q/wC7oy9Dopt1KiG78GnK4qPFFfK87ue1yqxNnPNKGxUQODTgc1amS4ku4YpCFaovxpQcd6rnuTy2EeL0qu4YHkVb3UHDDBrOUUy4ya3K8TL3qypXFRNCD0qNg6HrRFuK2B2kXOKTbVeOXnBqcOPWtIyTIcWhGWmHjrUu6hlBFKUL7AnYgLUVIU9qKjlZV0FAoozirTQgP0pjL3qQcmloauK5GrFTUisGprKKjOQeKlSa3Ha5Y6UYBFRRycYNSZFVe5L0E24NIRS5OeacFB5FPlFcqTwBhkCoQuzrWiV7Go5IgRWUqXVGsavRlFsEdKhZdrZGcVakiKkkdKiY46isJRsdEZdhsbDNTqQ3FU5X2HKinxyMwGBUqdhyhctowQ81cikR+hFZhV3p8IaPvW9Os0zCVNNGsFUjNLtFVobjsasBwa7FNM5JKSYu0UjKDRk5padxK5VmgDZIqq0TK3etMgUxlDCspwubRqNGeTgYpVap5bfNVnUpWDi4m0ZKWxOhHWpBVVGJqwp4q4S1IkiVaePpUamng10JmQ9QCwzwO/0qW21SBoyWIA3H8qgOSjD/AGTWUEA6ZFevl7Sg2tzgxUXJpHTpe2zYxKoqnr+nWWuaebK6mZYiwLbGxkdx+PSsUA/3m/OnDcP4jXo+0TOPkaJb3wv59reWMOpCGzuWDCAQD5MDAXOQcDjH0rMg8FX1u90U1hJ1nt5LdAyMu0SMMnIJxhAVHpnNXw0g+65H0Jp6zXIHE74/3qXuMdpGZ4f8JX1je2Et2LYfZYSjNBKeVyW24IGSzHcWwMYAHc0tr4b1I6rFuudRsbVLg3mRcrKEboF3MCxJyS2eMHArYF7eD/loT+FSJqVyOoH5U7IV2Zenpqa+LJdSfTNRtoXtpImVj5m6YtkHhiGQKvy8KBnHOeMmxk8VNp1xK91eIxESxCTzGe4mAYyMoYBo1+7xwOPz6wapKOsQP04p/wDbAHLwt+Bp28xXfYzfD2vmXRPtmqyzRzPKIzvA27sfw47fXvUF/q+tx21w1rq2mtJHck/OwASLHQ7sc59PTtWzJqtlNgTwM2Dkblzg1R1O28O6pbyW95CPLk+8B8vr/PJz60mn3Gmb9hOLixglMsc5aNSzoPlckDkD0PWplSNSWVEUnuFArL02XTrK0jtbSRVijUKoJ6ADA/Sra3kLfdkT860jsQyS/fy7Z2HpxXPohZq1dWlU2yKD985/CqEQ2rnual76lQFldYYmf+FfTv7VQsZTNNOcgqDgn1bv/h+FOvZt0n3sBDhcd2/+tUejBRCQhJTnk9znk15eOq80Wj0sNTtqXcUYpaUV8/od9xmKUCnUYp8tguNIpOlPxSFaLMdxARQTTSuKTJBqbjHgn1pH+7zRmkI3UNuwJEa4bpR86n2p6gKacSDUJMpyEjkyMHrUwYetQMBTAxB4q1UaJcEy5uoqsJuOaKv2hHITkelNOak7UhANAriLS80bfSlXirQrhtJprR/jUoNFO10K7GKq4oZcdKVlHUUK3Y0rCuIp7Gn4xyKQgdqQEiqBjgc0jClBBFGKAInXIqvLBmrhHHNNKjNRKCZcZtGc8HtSooXtV10GOlQvHg5rncLbGyqX3BcY6UcU3kdqM0XCwo46VLHIR3qDcaVSKE2hOPcupID1p49jVHJqVJSOM1rGr3MnTsWc0uaZGwanEVve5mwJzUckYYdKfg0hBqXEFdbFVotpyKeuOmKmxzTGX2qLWNOa+4CnA0zBFKDVqSE0TJzn6Gs3HNaEX3sexqjXs4B+4cNf4xuKUDilpRXaYWEwKUUYFLigYmBS0jEhSVUsQPujqa4bwd8U/CviXXJ9Ajkn07V4ZWjNneJsdyvXaeh6fX2oDQ7oAU4D2pB0pQaCboNo7ikMUZ6oD+FPpc0XCxA1tC3VB+FRPbov3NwP1q0TSEZq05IiUUJvLSRiRsL5e38abdT+VGADh2GF9B3J/CiX5ZYun3j/ACrL1ku8bjeYw2BuI4CjqPr/APWrDEVnCNzahSTZCZvMlVVyPMOxD7d2/nWjpahXdVztX5QMdMf/AF6zbaBAy3aghmTYgY8Kvcj61o6QzGFixycn+fFeNUm5J3PTjFJaF89KTJzQDml4rzixNxHNOVgaTApCAO1NSsBLxRio91OV/WtIyTE0wZaaUqUEGjFDimJSsQFKTpxU5AppUVPLbYpSI8g0FQRQy1G+9VJWpuylqD5A9qjLqOtVZp5+6nHrUQdm+8a5p1baHRGk7alwzKKKq4FFT7Rl+zRtHOKcue9NHIp2RXejz2OpMCkz70E+9U2gsKeKVT60wnPemg4NCkkFicimlc0Bs07tV2TJ2GcinDBHpS00rzkUrA2BHehW5oBPQ07aOooFcOD2pGUjoaTcfSlBpvUBh9DSbalKg0wgioaKTI3UelQlas1GwrOUV0NEyHaPSkxinsMU3NZM0vcSlBApCQDRkGgCRXweDVmObPBqnwKcDWkZtESgmaAwRxSFaqxykHg1ajlVxXTGakc8otCbaNhqTHpSgVfImRzWK7JTGTvVlhxTCtZygi1Iii4kFVO5+taCIN4OKoHqfrXq5fpBnLiHeSExS0gorvMELQAcj3IApK57x/4oHg/Q/wC27jSby/sIm/0t7Urvt04HmFT94ZIHFBNzmvGPxl8H+FtZn0jUl1M3kDcxraHB9wT1H0r5xn8ZWZ+Nk/jbStGu72ETtcQWZUq5YrjJwD65r3XXfivpN9HZX2g+AtS8WQXCnyrqKAYRx96NgVJVhkHnsRXm3hfWvF9z8eNW1PRfBVtBq0tpiTTL2URLboMfMT69O3eqQmdr8P8A4veOtd8Y2llqPgmZNLupREzwxOGgB/jLNwQO9e6rn1B9xXz38Rvih8VPA95pEut6X4dtoLlnb7NbSGQzIuAwZv4eowR717D8OPFtl428K2+v2Ntc2scpKNFMvKuPvAH+Ie4qRo6UE0HpTRTu1A0zI8W3N1aaDcz2brFLjAlf7sXqx9fpVDw14gkv75LOW4s3/dnBj372ZeG6jFTeLtEm1aBVtWYyFlV1NwyIUHXhc88VyOl6Fqth4jS2ddUtwkLZurWQSoryN1+YDjGM1wVZ1I1lbY93B0cPVwrTkubU9KuR88Z9zWVqAM07wHKxsp81s9Bn+daSI6W0CSzGVlwGkYY3HHU44zWdqM20ugVct+ZOf5Cni5e5dnnUI2nZFaWVAwP3QvyhR6Y4H+fWtTSVYQYYYJ5rIQ7+HGNuGYn/AD3xW1pgZYtzdX+Yj0z/APqryb81zuekSYjByKBJjtUhXdUbIc1xzTQ00ODA96XOajxjpSq2DWfN3HYfigUmfQ04GrVhADg08SYphpKtTcSeW5NvU0ZBHFQGgMQfaqVVPcXJ2JippuO1J5o9aUsOuabaYWaIpIg2QQKqS2nUrxV4kHvSHFZShFmkJyRlmKUHGKK0iBnpRWHskb+2Y9WI707Oahp24gcVspnM4k69KD0qJZATin5rVNMiwgBzRtpwp1AXGqDnqalB4poobOOK1jZEtDutOFMXIpwxWiJYvGOlNIIpaXHeiwthoYHr1owO3NKVBpuCtKww5FG71oyD9ajcGpbGkSFQelRuDQhan59allLQruDTdtWHXPSoylYuBakQuvHFRk4qzj1pjxg1nKL6GikiDfz1p6n1qKVGU8UwFs1nzNM0STRa3EU9HweDiqyscU4HmrU7EOBfjnYcE8VYWQMMisxHqZJCOldEKz2ZzzpIunNAqKKYE4apcg9DXSpKRjZrccOGFZjfeb6mtKP71ZzD5j9TXp4D4Wctf4kNopaK7zG4lQ6haQ3+n3NhcoHguoXhlB5yrAhh+VT0hOMn0Gf1oEeAfs/Wuv6RpHjbwZo2oWdlq+mamGikvIjJGy8ryAQeQBzz1rk9N0bxzqv7QGrWP/CZW+l6/FDvuNRtIiInVQPkC919u9dL8X/BPgrwhfap4q1LxJrUd1qTl4dNtbjZJLIffOdue56V4t4O0LxBr/ie6hs7W9nvLeE3M1sbho55YgR8oY87sHv1qktLktu56J+0SuoeJvi9oHhJLmO5u47W3tHkiGFMshy7Y7DkHHbFfUGiaZZ6Po9npGnxrHa2cKwxKBgbVH9ev1NfOHw/+HvgXxhcLf8Ahvxbrula/ZyB3trsg3EEi4555YDnkfSvpiEOIY1kffIFAZ8Y3HHJxSfYae7JDS5pBRSAx/GUrxaSjJKUZp40GJTECN3I3DkVleGXdfFdzbi5lZEsVZohePcIGLnnLd8VreI9Sjs2trVtP+2vcONqEjaOepz6Vk+G9V0+88TSR2WipayPCwlmRgOEbGCo981x1GvarU9rDxn9UfuaWep1k3Rf96sW/i8y93Bju6YPGFyc4962peidPvHrWTNkzkvjaMFT3zk5qMd8KOPCqz0GRxrPNtX5YyfnI9BWtbt8u5hyxyPYdBVGyClDGvBZ8E+iirtgvmGSXn5sYHoBxXnyjam7HW5XdixnikzQykVGTziuBya3LSQ/ANRshHSl3YpC579KybTKSY0Eg0ok7UuVIppXPSs3dbFEgcUhaoiuKehB60KTejBoVck1IsZI5pVAA4p4NaxgjOUhvkjPvUUiMDxVncKODWjhFolTaKfzA96cMnnmrDoD2qPYRWThJGnOmIBRTufQUVXKxXIzQDTM4NOx3rK5QP6ihJccGkLVGxqXJoaXQtKwPIqUGqEcmDVlGyK1hURnKDRPRk1Fv296a1yijrWyqRXUnlbLANKWxWfJe5+6tQNPK3Xih10tilQkzXEik4zzT/fNYOX3ZDc1etbphhZBzRTxHNuE6DitDQpKRXB6U4E966ebsYajWXIqM5Wps56U0n1pOI0yLcKcDmmumelNztrNu25VrkhOOlJwaajg08jNK99gtYjcYqPfipiDjmq8444rOemppHUeQrConiHUVCspU4qwkm4Csk1I0s4lduDSA81bkRWX3qu6EdKiUWi4yTFUg1IrVVINPViOtJMHAtBqfHMVNVdxI4oDGrVRp6GbppmrBKrsDVJ/vn60yBsSr9RUkn+sb619BldTnhI8zFw5JIYetJSnrRXqI5BOhGPWuK8beLdbt55NE8G+GrzWdZ6NPLEYrK144Z5DgMf9lefWu1pScjGeB2oA8n8GfCQjXv8AhKviBqX/AAkWvuQyoR/o9vjso74/IelcF8KdRS5/am8QSxkFZhcIpHQbSv8AhX0oeucceleBfDH4f6zov7Qeuanc2skemQLLJDOR8snmnICn1HP0pp6aiNv41/CqbW5j4u8FyHT/ABRbjeRC3li6A5xkdH9D37+3BeB/2h9a0d/7K8caVJfeQ3lyXEYEdzGRwQ6ngkV9PfWuW1/4d+B9f1Q6nrHhjT7y8YAPK6sGYDpuwQD+tCegNXMzwt8Yfh34hZI7XxHb2k79IL7/AEd8/VvlP4Gu9jdXQSRsrIwyrKcg1y1l8OvANp/x7+DdCH+9Zq388109vFDbwpBBEkUUYCoiLtVAOgA7CkMw/EFnb3+swQX0cgto7V5mlDFQjBlI5HT1rlvDtuxuIdftIrrULNJGz9jchi248kN98DOcKfwrtdZ1X7AwhNu0oaFpGcsAigcck8d8YrH8La7ql1b2kR0+O8iMjJLc2rgJEB0+XAyO3FcM40/a6vU97D1KywrcVpbvbudTKchOMZPQ9emfw96y7hTLcBeQqnJ9zzx+Fas/VP8AeNZi2/m3u4sW4w2P4Rk5H4n9M1GMV7I8/DPRskjXZD8nDTHavsvetOxAG4AYHAH4Vn2jrcXDzqQUUmJAD+Zq/p0iyK5HTOPy4rmrWjGyNrN6lhlzzUbRZqbntRmuNwUtylJopuhU89KYavMM1C8QNc1Sk+hpGfcqE4pN2DUroRULECuSSkjeNpDvMz1FIT3qB5PSmZZqyczRQLH2gxnk8VPFco/fmqSIc81IIgfrVRqSRMoRLwOfegNjiqqGSM+oqZZQ3FdEahi4k4aj3pgAIpa1UrkWHUU3NFXzICEjmkJxVmWIg8VEV9qxlTcdylK5FjNNYU9lIORQDWTVzQj20qk9qU9aDxU2sx3uQy+ZuxzimeWetWBg80oXJocblc1iugGakKqRU5iFNZAOlVy2Fz3IQqg1IAp+tNIPpSDg0r2G9SxE7KfarKyKRyaqRtUmB2rohUaMJxuyyCBzQZBUCt2NPzXQql0Z8orknoai5NSUh6VnLzGtCPHpUivjrTCKRqyu0U1cn3K1Ryx5HFMBxUqSZFXzKSsybNbFR4ueRSqMdKtlQw6VGYsdKl07bGiqX3GK4HFOGGoCDPSjy8fdNNX6iuuhFJHg8CoX47Yq0W7GmsobtWcoroXGTW5V3EGlLE1I8YBpAtZ2saXTEi3ecn1q3L/rW+pqvGP3i/UVYm/1rf7xr3cm1jP5HmY/dDaQ0GjNe2ecFFFeT/Fvxx8R/CXia2t9B8Hwa5pV3GPIeKGV5BJ0dX2nAPpnigZ6tuGea8Z+MPxB8a/DjxNBeyWtrqnhe84Rdmx4W7puHfuM9ayW+Inx4lA8r4XLH2G+CTj83FZniTWPjt4j0uXTtU+GNjcWcmC0UlqCDjpjMnBo0Cx794b1WLW9A0/WIoZIY72BZ1SQYZQwyAffmtAEetfOo8QftJCJIbfwhDbxxgIix2kICjsB81Zuq+PP2hdHhF1qPh2eOBCGdl0xXUgdQSmePfNFh3R9OCnVyHwl8aW3jzwfBrUEXkTKxhuoR0jlXrj2NdhQFjK8RWd/qMMVrZzrax7w8s3Xgfwge9YmgXMHhmRdL1G1u1eX/V3MYaWGXn2+4fatnxRe6jZ2aSadHbsd+ZZLlwkSRj7wLHv2H51nfDC8a78OBSbdkjkYAxXHmNyxOG4GD7elckuX2tluevS5lg252cL7XOlkO7yyDwcnPtis2/Y29u8NtkTShnPcqOpP9K0bpgmGP3VUk1zs1zcfapFiYC7A3y9wnB2RZ9fWoxD1OWgroTwXNPma3lXgDzGx0Vm/h+uK3dCZvsIYcgkn9ayfB6umm/vQfNJDSNj7z963tMRYbcRDACnArza13E6iwsnOD1p4bPemMgbkdaY25OxrjcpRBJMnz6UZB61CsvPWn7s01UuJxHMuR61C9urc4walBI70u4GhqMtwTcdihJbEdqh2EdRWofzqJ1U9cCuaeHW6N41XsyrEM1KEx2pMqrYBFSK2e9ZxikOTYBQetNaPB4qUDigelW4GfMQqWU08PmlYd6YVzzU3cR6MlBGOtFQ4YUUc4cpoNg96gkXHIp5cUxiTXZKSkjGOhC1RMPSrBjJ5qJuCQRiuacWbKRGODTiBSEelAPPNQWNxg09G5pGPpTMHNK+pVrkzNxSAbhnNRn609Bx1qrtktWArgc0whc1KVzxSeUPWlytgmR5C09GNI0YAzimeYo4FTfl3K32J1YZ5pfM5qAOKeuGqlN9CHEmDbqVyAOtRgqopPMHetfadybXH5z0pcZqPdnpTgC1Cdw2FYcUwttqXDYximMhYdKbi+iBSQJKalDZ71CI2HQUYYcYNCc1uhNJkpGaaSVFRMzLyaXzARRzXGovoScMKjKlTxSb+cg0ofPWp5kx2aAYPUUx4yOVNSkZ6HFRszL1HFS0rDT7DFJV1z6irMv8ArW9zVferMPrVmUAysM45r2sm0Ul6HFjlsRmgAV5rr/j/AFbTvFVvZSWEMNnJqYtliedFuHiEMhYlWIChnVSpz0HvXoVhci8sobpYnhEqhhG+Ny57HGR+Vezc4LFg00kjoxHPODjtSnpSc0hnjHxY8YeLPAfxN0a5/tAz+FdY2wSWzxLmBxwxVuueQ3Oe9WbzwT8X5L6c2vxVjSyZy0BazTzNh6ZwuM4rU/aP8M3PiT4ZzrYW73F/Yypd20aLl2Kn5gPwrzXxH8SPi54POiWOtRaBai/gUwSSISEAAH7w9j0zVJ3FYwPiL4m+Inw8+ItnZt46n8QXsUCtJC8W2EB8/umQdSRg5HPIr6f8KX+oal4estR1PTZNKvbmIPNau4Yxn0z/AEPSvnzwt4E8fp8Y7Dxv4p8P2ur29xdiWZ7a4V4494wsig9QmQQPYV9LY+bJJJ9T3onYFcjt7e3gVlt7eKFWYsRGoUFj1Jx1NTUDrS1JVjK8RRyG1aY6nNaRKpDIiIxk9vmHWs7wXb7Io5NP8QS3tjGu02zwICrH1YYII9Ki8fS3kxh02zLMTE88uwDKhT8pyenP8qrfCp5LnT7m6/fRxtI25GxtLk8sMAelcTqJ11E9qNGay91L6X20Oo1VmWCTbjcIzjPTJNc7p6pZothcfv7mcCdpQc7nwSzD2GQBW7rhVbSfcG2eX823r17e9cnoJmlb7VNlHePyok/55KPuofw5PvUYl++ceH+E3tElkS8e2kcPlMjAxtA6Vu2pBQ4OeTXN2EiCGJN5EmQ0jd9i84z9a3tF/wCQejscs7FiT6kmuCtL3bHS1bUuBiDTtwI5pmM0hyK47sTQrxgjI61Hl4/vdKlV8dadlX4NS0ns7Be25Gkq9yKGnjA5YVFc2pPMbYNZzrKjEPk+9Y1KkodDWFOM+pfkvVHCcmq0s8r98VCpzUi4Nc3tZT3N1TjEapbOTmrEUpGM0wCjvxSWmoOzL8UqmpOCKzQ5FSxzkdTXTGuuphKj1RaIwaBg0xJQ3WpCOMirVnqjN6bibaKUGilyIV2O280o47U8rScdK6tiL3FBHpTZUBGRQcilBzxQ9QWhVYbetN4arjRqRVaSPYciuepDl1NYzuREEHmkzT8Z5pkgK1i7miYoGaXJBpiNzTjzSuNj92aazlenNN6fWk3ZPNLmYuUfvDLVSbg1YIz0qGVc9Kib0NIKzIw7Y6VKkpUc06BMdRVxYFC7nA+laUaMp6oVSpFaFZGeXhVJqVYv+ejUru33YxtHtQqMxxkg+tbqmk+5i22SxpGBxzUqhRSRxkKBmnbcV3wjZbGLYv4UuB6U3NIWrS4rDj9KYxwelKGHrSEZqJPoCQ0ENxgflUckETn5gyn1BqYLzTsA1KipLVDvbYpSWsy/NEfNH5GoUlxwRg9wetaLqyEMpI+nam3EKXSFtoWUdGHes54RS1huXGrb4timJCehpWZj2zUcKPuK7SMHBq3HCa5FCT0Zq3FalIx/MCCRzV6YfvSDg1Mtup61W1GaK2aSaeSOKNOWaQ4UD3Ne1ldNw5mzhxdRSsePeJtR0u716dNRk1tBpV1JcxkmG7VnRXQ/u2XIUKX+8Qo+XnJFeqaPb3FnpsNtdTwzSRjaGhg8lMdgEyQMdODXm+t+F5dY1fV9Ut9dhv2vdJMGjRtJDm4Lks+AFGBwo3dTt616Lot5cX1kLi50+fT5NxHkzsC4A/iOCQM9a9a5x2Lx61meKdSk0bw1qesRWpupLG0luEgzjzCikgVpfWmTxpNE8ciqyOpVlI4YHgg+2Mii4rHjH7L/AIx1zxg3irUdYZn8y8imiYZ8uLKkeWnsABWT+1tbQ32o+CbOUBlub0wv6sjMoI/WvZvCHhnQ/COjjSNAsltLMSNJtBySzHJJJ6+g9BXzx8bvEeoaz8Y/C3h/UtGk06TTdQj2sZN63KNIu1lP0FNPUVj6N1G3vYvDlxaeHzDbXsVqY7LzE3Ro4X5AR6ZGPoa8r+GPx0tNY1b/AIRzxrYpoWtLIYDIufIeUHBQ942z65B9q9lbrwOQT1/Q15r4y+Dvh/xH4+sPFnnPaSxSrJewomVutv3TnPyt0ye9Ja7jR6cD9adTB07U4Uh2Kd3pWn3hdri2DO5BZtxBOB0yO3tUOm6BpWm3Hn2Fr5D7SuFkbbg+3StOkqeSN72Nvb1eXk5nbtczddYrZXDCQR7VB3novPWsaCFojBdb1hM0p+U9HG0nPsTjP0rW8Q7v7PugqK52gBSeCfQ1kajdSmdoWhVntVWRcf3THjP55x7CuOulzXN6HwiRuoiVo/mBQYJPvXWaXCw06MkYJGT+NcJZ7o0CNMJA+NjAfyFeiaYCtjErHJxg5rzbc0mddV2grBjApCKnePNQspBqHC25ipXIipphJWpieKayhhWE432NE+41ZR3NOdY5F5ANQumOlMBZTWXtLaPYvlvqhk9oRkx9PSqvKnBGK01k7GkkjSTg/nWE6ClrEuNRrSRQVqlVlxSS2zLypyKgyVOMYrFtw0ZqrS2LBANNwR2poenhqHaWwWaEBxUsczDvkVHkGkPtRdoTSe5a85fWiqgJ/u0VftWZ+zNhWB6UpA7VWiDqcdqnU16alzK5zNWFppHcU49KBQ1dCuM3UvDcGgqOtBOKVu4EbxY5FQtzwRVwGmSRBuR1qJ0r7FRnZ6lErg8dKUEVIykHBqKQqp4PNckk47m6dx3BppFKq7h1pMEGp3GhMNngHFDKfSp0YEYp5VSK0VO5PtLMr2SkzuSeI+3uatNu3AmorYBJ54z/ABAMPcYwatFeK9OEFGCSMHO7uRBRmpVUAdOaRVp2aSikxN3Ezil3CmsM0wkjtTcrAkPbk00ntQDmipuNIQDvTweKbS00DHZpwpopynitESwzTlIB4FApQOw65rWKbehN9CszhNQeMAYdN/8ASpsjqKpqPOvpZh9xFEan19amDEHFY4iSjUsKmm4k6sc81n61bxXcdzbXEMc0UqFSki5VsjuDV1X5Aqve4FwxOK7MDK6ZjXVjxCLwh4g0nTLezXR5JtSmtdOh066gwyWMkExMmWz8q7TuyODkg1s/C1rqDxBb2arfCZdPmOt/aA+37WJvkYFuCSC2NvbFRePbzXNE8Yzvp2qTXA1FFSeOLdJLaRyNHErbGYRghgfLJxlnJPyrXougXttqOiWV7ZSzS200QMbyk72A4+bP8XGDXpGNi/nk0E8UlNY5GB64/HtSuFh2R6jHfmvJfGXjj4eQfEe10nxnpEtnqOmyCSw1G4izFz0YEdvr3rnvFXxa8R6N8fj4T0uFda0yXyIWswgEkMjDLFGHoCCQ3FYX7Wunw33xB8G28owLvFvK3+yZQMfrTSsSfS0LpJEkkbq6MAysDkMD3FSCqVitpZwRWFuYo47eIIkQcZRFGOnWrftSKRJmjNMzTqYh2aCaSilcDI8SSBNOuXMbSAYPljq3XisH5ZpPshdnllEh3BcFVUkY+g6CtrxTKkWj3UjyPGijJZBlhgN096yIEa30ma4vSkGo30bGNQoJhixkJ/ifU1wYi99DvofCg0FFudRDKFMSLgY6AD/69d9Zn/R0PqK5Hw1bC10/zSoVpjkADoPT9K663H7lMdMVwbG1YlzTW57UvNKOaL3MNiJ4+MioG3Dg1aPFNYAjBFYzhcuMiqTSMgxkU54mByKYGIODXNKNtzZO+xGQQaVWNPODTDx1rBq2qLvceDkVHJEkg560hcetAkzwTQ2nuFmtUVpIXTkciowxHWtAHHHUUyWBJBkDBrF0n0NFU7lUNkU4EVHJE8Z9RTQxzWDk46M1spbE2aKjD0UXDlZvqoxjFMdCvIqQdacRkZr6BRTPKvYgU5GO9O7U5k5zTM8VDumUtQpe3SgYp1NIGM5pVNOI96YwOeKLWFuEqbhVOWADqKt78cUMQwrOcFI0jJozPnjb1FPWTNWJYwQaqNGyNuFcM4uD0OmLUiUknlaEm5wc5pY2DDIpXCtxjmmr7onTZlmJRLjbgOvKk/y+lTR5xtYEMPWq9ihWQjOQelXB0wRmvZwj9pSVzjqK0tCNuO1NqxsDL1APpTorRn+8wUe9a/VpydkiPaxS1Kp6UmCegzWpFaRLyQXP+1VhIgPuoB+FdUMrm9ZMxljIrZGGIZWPyxt+VPFtP/zyIra8s+po8qt1lMXuzJ499jG+zT/88zSGKUdUb8q2vJB4zSeTzwaf9lRWzF9efYxORwQR9aUHitZ4M8Hn8Kqy26EkZCmsamXSirpmscZGWjRVH5U2QlgUXIBHLVM0W0dGbHc9KjOc47UoUXF6mjmpLQrYCLtXoDgUZ4qO4LLjHqTTFkbOK8XGT/fNHXSj7iZKWx3ovADLknqoz9KTgj0p10P3gx/dFdmWN80kY4laHi3xF8caxo13r0EuladLbu5t4ba5jDh0iSNjI5H3t3mjCnoB9a9F8D6rBrHhu3vLazjs4VZoVgjI2psO0gY6YIPFee/FFvDs/ia40fVk1BEluraZ/IniHmTNGBGQHxwBGMgHBzzxXf8AgCWG48K2tzbSxSwyvIyNHbrCD85ByikgHIOccGvYTOM3cisXxrrsPhzwtf61LG8xt4v3USKWaWVuEQAd2bA/Gte4Ehhk8pkWXy2CMw+UNjjPtnFeC33xc+Jmn6tPo2o/CuS+ubaQp5tskhicjoynBHTFMZneE/gh4quLU+Lb3xfdaF4t1CV55zEgbykfkoT1Dc846YxXA/G/wf4g0HxZ4csNd8Z3evzX7KsVxODm3BkC/Lk/jXrB+KnxVkXdF8HrwD/bkOa8k+NninxfrfjDw5deIvB76LeWrK1paliTcESAjv68U1dCaR6z4P8AgFP4e8VWPiGPx7qL3NrKshZYjukXOShJY8N3zXuqnPPA9q+fLv4xfFK2OJfhPdRqByTHK38qzf8Aho7xHp91GNc8BvaQZHm5EqMB3K7hjNKzC59MCis7w9q1preiWWsWLM1reQrLEWGDgjofetDNK4+Ufmgn0HNMzS/jQHKZmqy28MDT3TKII33SFhwMAmsSxWbU7hb9yN90Wj8o8+VHjI/ofxrS8U86TLmESqZFyjDgjFTWEaW8c18Y9jzncqY+6vQD6kYOPw7VwV9Xc7KXw2LJCh/KThY12ge9blqyeSqqwJAxWJbZMoQAHb8zk/3jTFmeK5Yo5HPSvKxFdU3c61RdRWR0Rpm45qla6gj4V+DV0YPIOaI1IzV4nPKEoaMdnijg0nWg1dyRCKY6BhyKeDzS1LtLcadijNG6cryPaqrSnODWtjOc1BPao444Nc1Wg3rE2p1VszNLg9KTNST27xc4OPWo1Uk8c1wtSTs0dacWtCWOQdDUyNk8VCttI3tVmK2K4O41rCE2ZTlFCgbxjFRSWgIyoq0AVPIp6kVuqKluZe0a2Md4JFYjbRWyUB6iis3hEX9ZZIGAOKkUjpTdvOcUuPSvUSscTHMMiq7gq2RVlSOlNkTNE43CLtuQD1pwNJIpxxUWHHOKy1Rpy3LFI1Rq57int0rToKwxgKYQe3SpCOaXjFYuNyr2IcjpTXQMKmaPPSo9pHWsZRZSZVkRlbK0obI9DVrZuFVZ42U5rCcHFXRqpp7k1k5+1Ip6HitTYTgAcmsa3bbIjHqGFdHAMEEdTXs5UvaxcTjxcuR3Egt1TlvmaphEOo+U+1SKKePpX01OlGEbI8adRyZH5ZH8f5inAOO4p9H4VfKiHLuJ8/8AdH50mW9B+dPAJp20elPlbFdEXze1IQ57j8qmI470lHKO5AYs/eLH2zxSeUB0GKsUlHKguyrLDu5xzVK5hZOfetYioblQ0fNTKEWVCbic7OOQKiK96nuvlfp2qASKeK+NxrXt5ep9BRT5FYYWIH0qefkqec7RUTAYPNTyfejPsK6Mr+KXoZ4rY8u1/wAM6d4g1m8v4vEVtNff2nby+Rb3piEUEClfK25KmTJYhivfHSul+HOm3uj+DLDTtRh8i4iMpMfmK+0NI7qNy/KTgjpxXm/j3U9V0XSku7LSrG8s0+3NKbm1WQCQXOF569Celdj8OJVkuo54YTax3mkQ3MlukjeWrmRgSqkkDOBXs3OM7g5z/hTTnGM0p60h4FO47EbZHQmvmL9qubb8W/BgLHCeUR/3/FfTrGvm79prTJb/AOMngOKNSTcSIg49JQT+lKL1Ymj6PU5wQTyPWkkhhmBWaKOVT1DqGB/OlA28enFKDRcY6KOOFAkUaRoBgKowAPQCn/jTQ1GaLjH0Zpu4UE8dadwK00EFymLiGOYLIHUOuRuHf1qG7uM52uGCk59dw70mqNcrYyG0VTMZFXc3RVz8x/Ac1T0uDN243MUjx/8Asn3zzXlYuo3NQR20I+7c1LcNb2W6T/Wvy2T3qjIT5hJ7mrN5MrS7CegyR71C6g4PXivFx72S6HoYbuxFbjrzVqzvpYWwWytU2GOaQNmvOjUlTd0dEqcZrU6e3uY5gCCAcVMa5eGUoeCRWpaahgBZOR616VDGRmrSPOq4WUdUaWOaXFNjdJFBVgakK+9dqs1dHK7rRjT1oxS7felGKaVgGMqkYIqIW0anKjmpm5pBxUOKb1GpNDAuO2KUcCntg0wiqGIRmkx6U7FGKnlGMywop5oqOUCyMEUjLjkU1G/OpPvCuzdGDGD1qVcEVD0anKxBpJ2B6jnX0FRkDoRUwbNMkXmiSBMhK+3FNxj6VL7GmuuBkdKzaLTG4FJ3oG78KaxY8VnfQskBxTW+YVGNy9eRUgJ9qfNfQLEYyKcRuGGp1NYmoa0sMqTwlW3L2INdFa5MaH1UGsNmOMEVq2Mn+jx89K78najVku5hjLygjSQ0tRo2elSKc19PE8VijmnKMUgpaoQ7vRQDRQAUh6UtKBkUAR96MU/AooAYRUU/3CKmdgATxWRq16saMFIzipnJQV2VGDm7FG4dWlYDkdKqyQgncvBqNZGzk96sROp5r4etNVKkm+59HCLpxRVBYEgirchyIj/sildA9JONvl57AflXZlkXGcvQxxEuZI8T8Z2WrXaQDSJyJkk1FRCLpUMjmZgmEb75yfwrqvh6t4l1ZR6gpS7XQ0WYHGdwmYc44rG8RaXZX93Hb6hqEWly2t/df69Wj8xJZc7gzAKw2g7RkctnPHO14DhNtqttbSTQySxaOFfypBIB+/YgZHB4I9K9g5DtjUU0iIpZ3VQBklmA/nTmznHQ+9ee+L9K+G/xElW11eSLUbvTpZYxbwXbxXAZAS8ZVSCehPTn8aLjLniX4peAPD13Haan4nsvPdtuyBvOK84y23IAq9rGjeHNf1HQfEd1NDK+nSGbT5xKAjllxjPQ8dBXltv4b+AEvhPUdf0TRNM1WLTrQ3E0TXUpdQP4XDMSrE8YIp+rah4U8cfsz6neaHpB0yxsbcvBbMmDayxkH5WHXqeR607bWBdT3B5Y48eZIiZOBubGT6c085FeD/slz69r3gG7k8SXDahYQ3Yi003DlpUCr+8XdnO3OMA16PrryWllaJHI5fL5dWO1ucYrjxWIeGu2rm1Kj7RI6+ORJBlHVh0yDT88/TrXMWupNbaYI1lWKYrlFC55pmnalrFzfRQC6Rt3L5jBAUdaxeYRTirav8DR4WW51OaUk4rK1bUntY96bDzjk+9TaVfNdxv5iqJEIzt6HPpXV9Yj7T2b3Zl7J8rbJ5d7Wsipjewbbn1NFrEtrbBAeF5Y+pNKhPl/jVHULoeYbeM5Kctg9K58RJRlzPc6KMXJWI4pGlu2XqT1q6wKnGO9U9JiZp2csMn06Vq3ELr94fiK+drxlKPMempJPlKTetR4B5BqdkIFQsvpxXC/M6ItMQY9aerY+lMYE0mTWew2rluG5kiO6Nz9K1LLVElISX5GrBzSHj5l610UsZOnsYVMNCfqdgCCMg5FBrmrTVZrfrl1HUVu2OoW92oKuAfQ9a9ehio1dOp5tXDzpdNCc0hp7U3g10Sjbqc6dxlJ3p546U0movYtC8etN59KOM5pT0ovcYnFFJiigZMy4+ZaFkINSH1HSmSLkZUVu1bVGKfceAGHvTCCDTFfBx0qQEHg0rphawBiDUoOetRYwaUZBznincTQjrg8UgI6GpSAaikXFTK/QaaEZe4pgOeo5qRTgYpGXuKh90VcYw7UzpTiecUhxWcrFoKRjSH2pp461DlYpIcQpHJqxbN+4IB6GqnymrNpjY6juK6cFNKqrGdaN4FqG5K+tXre4jYcnmsRyRSCUqc5xX0ca7WjPMnRuzpAykfeFLjPSsCO9Yd6sR35HU1usRBnO6UkbAFLWWuoU7+0Kv20O4vZyNPHrRkAc1ktqHvUb3xPek60e41TZrtIgHUVBLdog6jNZEl0x71VllJ71lLEdjSNG5dvL4kMAeKwr+ctk5qWaQ4PNUJ23Ar3rirVXLc6qdNIsq2OCamjOehqsVJNPjJHevjnP336ntpe6XVfBx2pbs/LGc/wVVEoyM1YmP7qJs/wf1r2MsqXm15HFiYWseHfHHxx4r8M67fnS9RtrOwt7GBIoLi2dkuJHkBZw2Nowvy4J6E13vw61Gy1mxuNSj0zRrS53BJG02ZJVkTAIJKgEc9jXIfGfxrZW2pT+CNa0lLnTbxLfMqXflTZLgjaCpDEMo6V3Xga80fVfD1tr2j6ZHp8Oor5hjEaq2QSvzbeCcg17XNpscaWpuNnpnHrzXheseLPhN4H+Mmu6/qTX9p4kaP7NcRtbFkOdpMieu4AfrXuTMN3WsTVtB8Pz6gNb1PSdPkuoYwgurmJdwXPQlu1SpW3LcT5y8ZeLvhvb+CdUTQvCmvpp+pX6XN4TEbeG6fqIyx5CZycCvTNbvtGvv2bNRvvD+nHTdOl0pmhtdm0x9AR7/XvXBePdR8N6t8U9I8O+J/Eb+JPD0CvNZ22lxo7faCeIpRHw3HAx2PNer/F5Iofgx4gSCD7PEumERw7dvlrxhcdselaSfwolbNmN+ynD5PwS0g4wZZJ3PvmQ/4Cux8X6XC9pFPGWRlmBwDxz14+tc9+zjEIvgn4ZXGN1sz/APfTk12euNGbeHzOhnTH51zYiHMnc3pO1rGKmlz3Nt5ytiRBtz6+1a2lXlnbabGkk8XmIgEjAYq9aGPfMq/36kkhgkj2SQxsvXBArmWGtP2lNamjqXVmczLEcT/ZZhNHIC2wtnk81f8ABkc6aa0s3R2JXPYDirMenafYo8scQXC9+tTWTxx20Nv91zHkL7ZooUlTa57DqVE1ZC6jeCysPNwXkdgkajux/pVKGNBaNLJkyMdzn1PYVY1ZQ0EI4yCxB9KbpkfmxkE7gXzj06Vy17yquLN6GkLos2C+XJaxhcGV9xH4V08sKuORmuU0q4F34hIQ/JA2wfgOa7E1lGMXG3RE4iVpJmVdWRzlPyrNliIJGMGum21XubVJh0wfUVzV8EpaxKpYpx0ZzZyOopDjHNX7mzliJBGV9RVJ4yORzXlThKGjR6NOrGexCflPIpMkdKkwR71GwxzXO090bKwxgCSRURYxvvQlSPSpMjOR+VNdQw/mKzu76Gqt1NXTtbK4S55X+96VuQzRzqGicMD6Vw7rjoeDT7W5ubaQG2JY/wB3sa7aGPnD3Z6o46+AjL3oaHblqTrVDTb+SaMfaYWif09au5yMqeK9WNWM1dHlSg4uzHbcUBh0NQS3McX3m5qF7kv9wYpSrRWw1Tky4SPWis4mQnJz+dFT9afY09j5muSRyORSlgcFTmoxvU8HIqRQMZUc9xXops42I6g8jrTVJB5p+0kbl/KkZQfY1LjrdFJj1ORigAgkdqiVsHB61OGBXFOLuS1YQHFKfmFIODyaWrERMCKFNSN0qIqQaykrO6KTuEig9KgIIODU+ccGkcBhWc482qKTsR8fWmttPWkJ29aZJIorCc0tzVJvYcAB0qa0OJcdiKpNcKB0pbSb/So+eC2KVCuo1I27jnTbiy5LxnNVZGq5ddTVGXpX08nc88YXpfNOetQsabkVkFrloSnPWneafWqoNODc1SJ5SyJD60GQ461DuoJphyjy5PemuxppPFMZqpjSGTN8pqpx5o55qeU8VTB/0pMdzg1jU+FmkNzTIINIVz0OKtyR/IMc8VVZSpyTivlqseVu56kJXIiSOKtuf9Hh/wB31qozDNWnIEEWP7tduU/xX6GOLXuo83+IHw2Txd410nV7rVbiHTrINJJarK5LTAYjdVO6MY4z8uTjrU3wh0vxboOhSaJ4jhso7WyxHp7wS+YZU3MzOxwMZ3Dg+9d0xqNjXv8AM9jhjEqaraJf6dcWMrzRR3EbRM8TlZE3DGVI5BHrXz7c/AO7uL6a68c/EvUbrRopMRKZ33lCcAM8hKqeg4B5NfRJNZ3iDTLHW9Gu9I1KBbizvImimjbuCMD8c9PcU4zcdENwT1Z8z6t4c8L6J+0d4L8O+CrSKCO0VZbp45TIzNknLuTycD6c17h8biT8JPFHvYN/MVwnwc+CT+B/Hd9r15fxX0MaNHp2M7wG4y/uBxXrviDTLXW9EvdHvQWtr2FoZdvBCnuPcdaqc1zrUUYvlaOY+Av7v4OeFV6H+zozx75Oa7O4jinQCVFODkexrwrTdG+L/wANLMaT4eisfFegQti2ikOyaJSc7RVHW/i78V7eNoo/hlNbTkYEjI8gB9cDrUyo870ZSmo7o930q8t5Ly9tFvYJ7m3cefFH96LIyN31FaAniYblkUgHB5HB9DXz1+zRYePl8Y6/r/iiwu7e31OMO8lwuzfLnjavXGP5V7sNOtVIKoykPv4b+L1xWM4+zfKtS4tTV2WLhJ5ZkYNGYkJOCDkn/wDXUgSMkSOF80LjIP6VUSwhSHy42lUY4JcnnvVePSvL1JbwXcp2jGw9Dx1qPfTvb8S7IvXnls1qsh2hgx+vtRfXEWmafJPsAeRsKue54H5VPHAkrQSuoOxTtHvXK+K7qS51+GzXISEgAerE8muWveN5G1J3tE3Ph+h2vIwJJc/Me5NdwGNc34Ut/s1rBE3DH5iK6Zh7cVhSjyxIru8hcg96CPSo8EcigPg81XN3MeXsK6BhhhkVQvNPDAtCcH0rRByKOKidGFRWZUakobHLXMDxH5sg1WYnPSutuII5lwyg1jXelyB/lPy+vpXj4jBTg/d2PToYuMtJGSy57U1YJ3b5EJrZg0+JAC3zn1NWiqqMBQKwWEv8Rq8Xb4TFTTi3MpPuBV+3ghiXEaAfWrLdelAQda0jRUdjGVeUtxAB0pzK+zCORQAB2qRWHSt4pdTnbKLxnOWzmlXI6Gr7KrdaheADpUOk46otVOjIPNPcGilZBnnrRU80i7xNwhSOlMA2tkU4/dpoya+gZ5iF3Dr3pCQw5oKZHWk479al3HZDCnJbNKj8807jFMIByR1FZvTYr1JjhgMcGlGR1qGJ8Gps7hkVpGXMiGrCmmvSig4xTdhEJ96VcU5hmmHisHdM0TuNmQMDWbOrIec4rT4PWmSxKwIbBBrnr0+daGtOfJuY7SqPvURXKCRW4GCKi1W3khBkQbk7j0rNjcu2FOT2xXkOc6c0melCnGpC52VzyAw7iqM3SrandZRMeuwVVnr7iEuaCZ8/JatFVyKZupZDzUeaV7FJEgNKKiBp4NNMTRMp4pT0qINS7qpMlj80jdKQtxTGam2LqRSng1VgO6+UDsammPFVbHnVUFc9WXus2p7nQxzEHDj2p8kayLlajKg53U0M8ZyOVr57mvo9jt5exDLFyOKdIcW8X0P86tjZKB61X1FfLSIdODXbl9PlqNrsRVqcySZUdsc8YAzzWBqHi/wtYa2dFvvEGm2eohQ32a4nWNiD0xuwD371tk1wHxy0jSdQ+HGvXN7pdjc3EVi7RTTW6tJGwHBViMgivZi1JpM52mlc7eKZJ4xJA6TRno0bbh+YzXnera74otfG0EU0k9to7Xuws1r+7EROAWbHHK4HcmRQBXEfBvw5oGgfCKw+Idra3i6ta6fLcOiXkgiuGUNgPHnBH0xU/wAMz8VfGvheLxgfiImmNdu7WunrpsckCqpK4YnBHT3OK0dPfUhS2PR7fxTevrsunTaTIQs8ke6Ih1UKm4ZYHlsdRgbcgVk+GPijpWtXE9pJp95a3MEUs0g4ddqdcHg5/CuZ034mzW2n+J7bxRoNkPE/heFnmS2O2O5jOMujYJTORnr1FSr4p+HVv4KsvF+qQJokuqWrKlvBJvuGD5BCgAkn34qOR9iuZdztdJ8f+GNUedIrySFoITPN58RTYg6tn2rb0vWtM1eIy6ZqVtex4B3QyhuCMg4zkV5RaWfgTTPDz+IpNT1LT7PU7aSw36vC6qwfGCcBSAMHHY59q6L4deFYvCEt1qM2pWMtrcwosUsZ2IE42jnrx3zSasilJs9C3ZHNGarpcRvGJVlR42GVcNkN9D0pwfIBByPUHr/Ss7lk2aCeKj3+9GeOpp2Av2hzbp9O/wBa5QWhvfFs8q8KjAj610sLhLdSTgBRms62E1q15dyspMzkxYGcKeea58QrqxpRdnc6SxZVnU8Y7VsK+Rwc1xEuv2OnSQ/aWI3ttQD+I4roLPUoJk3wSKR6Z5rz5VlF2LqUJNXNikYcVWhuVkHB57ip99WpqWxz8riIWK9KVXB4pCRTcUm2th2JsikIqLJFOVx0q1JNai5bDHjz93g1Cyeo5q1THGRWM6SlsXGTRU280bcdKkYYPIyKUEY7VzKnY15iPjvQFAORUhAHaoyTu4rOUbAncdSg461ExbNJvOMUc9h8tyfCHk4NFQB8UVXPAOVmgJO1PDfhUKnA9acJBnBr0YzOZxHliTgGk8vd3IoBU9KeMdqvcnYZgocHFKw9KewBqNjilJaBcjZe69adFJ2oBB7ZppTnI4rK1noXuTE9xS5zUQJBwacT3WtFImw7oaaTk0E5FNzzUSY0hCOaOO9Kajk6jiobsUlcSWPeDkdazns44X3woq5OSAOc1qqQRg1HImTkVy1aKktDSFRx0HW53Wa+1VZ6uRqBAQOx6VTuO9fQYd3pI5J252UZOtRE1LJ1qsx5obGlckBpytzUKmng01IGrE4NGajU04nitEzNjs0wmkpGPFO4IhnNQ6d/yEo29qfcHg1Ho7A6gormrP3HY2prW50OOaMc08pjntTcjODXh2a3Oq4hQZ3Lwag1JmKQ7uDVke1VtV/1UX412YPSZnMznbArxb47/FO38Ja4nhXUvDo1fTtSsSZgkpSQgkqVFezPmvmH9pdFf44+DxIAUaOJWHqPNIwa9bD2nPUyq3jHQ9h+D174b1r4Z2a+H7J4NIKyW5tJ33lOzIx79a4bTvtXgLVNR8P+C/F3hy5slnaT+ydWm8qS0duSqv0I9veqHwn1eL4e+KviB4V1CTZbac0mp2iseGTGcD81rwfxbptzdeC4fHuobjd67rNwEYnny0UHP4sxH/Aa6YQvJroYymlFdz3eb4b+KZtI8ceKNaltr3xBrlg0MNnYncqqcYwe/CjFczpPw21nwf4W0D4g2NlPqGqWEZbUtKvk34izzsB6EDmsbxnqeoWnxe8GJa31zDHJpemB1SUqGyvIPrXW+EvHPimb9o2/8M3GsXE2kfap1+zSEFQoXIAz707zir30ElBu2zPXbO88N/E7wFKoH2rTr+Ly5oWGHhcDoR2ZTyPpXhfhvRPEnizxKPhHq2rBtB8Mzs9xLGSJLmIMPLU/TOPb8K+lbeK3g3+RBFDvO59iBcn14ryPx5428L/Db4lK3/CKtLqOsQK9xewTBWbLYwVIx2ByDXPRm9YxNqsVo5HN+CtFHjj4n+ItG1y9vrXS9AxBY6Za3DQqEBwCcdemffNaHjx7/wCD3iPw9qWg6xqFzoup3Rt7vTLycyjjGWQnkcHPscV2fjfwf4eu7n/hMv7YuPC1/HGpk1K3mWIFSM4cNw3864Dw0Ph94q8dafc6t8QNW8XajaSE2VnNZOsYYHOcBcYzzzgetbKXMubp2M3Hl069z6GB9KXPFRKadng/SuRHQ0WZFWS1MT52upU4OOKy728jNo4tHVxG3lHByFxxg+4qxqczx2TiJtsjDah/u571xYZPD3gl8z+esbPI0uMF2J/qa569TlWhtShcx9b1E6h4xWKNibezUKP989a7DTLplUYfGO9edeFQ7AzzjMkpLsT6mu0sm+Xhq+elU52z2FDlikdlZ6w6gb8sPXvW5YapFMuN/PvXBwyYA5q0kp4wSD7UKUoaoynQjPc9DSbI7YqQNmuFsdZurZ8PmWPoV710em6pb3Y/dyAN3RuorohXb3OKphXA180hqJHp+4EVspXOflsPDkdaVXyKiJIpARR7RrYOW5OQDUDrzlDg0b6Xfmpc0wUWiMSYOG4NOFI6q3ynBzTMPHxncO1ZPzLsiUjNMKjtQHzxmkI5qW0NKwnPpRRntRUWGQ2tx5bBW5U9PatJNpGfWsmSNlJ3DFTWd3sbZJyp6H0rejVcXyyHVpqS5omqNpGKYODTHcbQRjHY1HG7FjXY6i0OVRZZOe2adgMuOaiQt3GKdyDkGrT+4locispxTmOOM0gckilIz1q9loTrfUjkO0ZPI7+1NU4GQcj1pXUdAeO9Iqrtx2rF3uWOznkUmab908nin8EZBo0YCjpTT1NA6049KT10Aibg8VIrbhg9aa2AMmmB8GsrqL1KtcmUcGqV51q7G2R+FU7sV62FadKyOeaszNmqux5qeaqrmnJ2NEhc+9OBqINTlNJSBxJlNO3VEGpd2a1TM2iTNNY03NRseabYJXI7hjg4pnh9d2rA9SgNJct8pwead4ZUjVjJ22GuTESsjenHQ6lTjvTWG84FOKhhkVHgqea82aZYbSvWq2qHMER7ZPPpV0fMOaq6kqi0QE4IY1vho8sr9Au7o5ptZ0oai2mnUbZbxeDA0gD8+x61yfjv4a+H/GHiDTdev5b2G/04r5LwuNpUNuAKkevfNZviTwPqV78VLfxVG1u9kkkTY3YkGwdh6Hv7ZrPvrfxfpM+tzotxKs1puiSFiyq/G1FPXAyRXbCVtmNq71Rm/HL4Pah4218a7oerwaddtai3uY5twEwB/vLnj2rD+OXw21m5+GnhXw94X05r06PuEyRkZwUALYPUls11Hw/8WeIJdJlm1R5JpIrsRPDNGRKi7C2Ae5yOvvW5aeMtQluraAaMly00nlr9mmB/eeX5gHP+xn8Rit1XqK3WxHsYO/meB/ETRNZh+KXg65k0u8EUNhp0Mr+WSqOvDLn1FVtN1fT9A/ah1DUtYuks7JbyfdNIMAZXAr6al8RWUczQTRXMZTyw26PgFx8oPoay7yHwZr1/JZXlhp91d5w6T2uHz9SM1qsUrNTXQzeHtZxZf0vxf4X1JR9g1/TLgHstwufyzXzn+1tK3/CxtGktysrCyQx4OQx8w4+vNew6p8Hfh1fkk6EtrIed1vKUIrM8UfBbQda/snZqd/bf2XCsMGSJMqHLDcT35pUp0qc+a46sKklax4p46Hi+TxDo1x8XDqa6NcBSsdqyhI0x0VRlQwHXvX078OtL8J6V4et38HWtpFYXEYZZofmebPQs/ViPQ1N4m8N6V4l8PSaHrEAnt3jAB/iQgYDKexFeZ/DLwN4/+HeuTW1leWer+HJpTut3lKSIM8OoPAb1HerlVjVh2t0JjTlSl3v1Pb0enAjJquDUkZyT9K5kbsxvH18unWFpcysVgFwFlA6kEcD8a4r4iXvnNYaFBwABNMB+OAfqcmu08dRWE2nxPqDNst3+0IM4G9V6n1AB4HrXk2l3U2p6lNqUwIeZuFPZRwB+VeVmdRwTsd+ChzanRaXF5SgYxj0rdtZQDjHNZtltKAdCKvxLjmvFps9KRrxScAg1YjlyfQ1m27+9XlVWXIPNbmTLKyDPNTJyQ6Eqw6EGqkfBw351MuQdysaVgNix1yaBhHcfOv8AezXQWepQzKCGGa4shZPvCljkkgbMZz7U1NoxnQjI9BVw3Qg0OD1FcpYatICMMT7Gty01KOQAMcGtFVUtzknQlHYvBuxpGBx8poVlbkGg5Bqr3MbWGq7A/MOakD5FNHPWmlcHKmhcyHa450DHI4Pr60zLKQGpwk7EUpwRjqKLJgroXIoqPZj7pIFFIdh0kZIO05HoapuApINSrM461FKQzZI5qJyUtTWmmmT2k/IjkOVPQ1fVcHhgT2rGz7VatbjYdj8qeh7itqNdbMzq0uqNNmOPmwDSKeeKZlSR83FPzx8pGa7FK+pytaWFyc1Kp3D6VCpbPNOcnsQKuL0JkhxxmmsuRwcUkIOcsalZaFeSE3ZkI5BVxxQq7OR0qbAxnFNyMnijksFxBjsRmkPXFMPyMMfdP6U4nHSi/caFPoRUZAB4FPJ4pvX61DSbKQIcMPQ1FdjipBz14NNuuldmEbUWiKi1Mefgmqkhq5dCqMnFVJ6mkVoNB5p4NQ7vel3VKkNonDUbqhDU7d71qpGTiSFqjZ6azcVC71TYkhJm4NX/AAoAbyViM4XFZMz8HmtrwcuZJm9q467u0jeKtBm+ysoymD7Uhww9/wCVSZxUcgB5XhqwaViFqV3Z0PqKwvFsM+oaf5FvdSW79RInUV0LnIwRzWNqkTAFkya8vMOdUnys7MNbnR41rNv8QdJkY22v+bH/AAefCGB/GsY+NviNYZF1penXwHdC0ZP6kV7LIBKhSSMOp6qa57V9AUoZbMbh1KN/SvCo57iaOjsz2PZUqnxKxwdv8WJIT/xNPDGoW7fxPEFlH6YP86UfELwFdWxtLtvsMTSiUKbeSBkf+8COAT0zn19a0bzT4mJWSMBu4IrndS0iyYlWhRs/7INetQ4iU/jhb0M6mXRfwssT6/8ADu71CO4t/Gy2TqY90f2vMchT7gYNxgfhnNdZpN1oV74iudbs9bsLySeJI1EFwp4XrkA4PtXlWoeCdLugS1oi/QVz178NrUN51szRuOhU4x+Oa9mjnGFqKzbRxyy+pHY9y8fQ3l5ZaUbC2muJbfVra4k8ojKxK/znBIyMdu9Y2s3vie01W/ltkvJ7x9RT7FEAxhe02DI9Bg7s9OcV5bp+keLNKIbTPEN+gUYCPKZF/Js1vaf4w8c2K+XdRW15t6k5Qn8uK6YY7Dv4ZJ+phPB1Dp08a65ZpYRK32yS7hhNzI6cWUry7DuA6DH8J9q6Cz8crFeXen39lcTz2t1dQebbKu11gRXZsE8HDAYHfNcdD8SblUaPU/DkxST7+zZIG+uQM1LD408DXaIl5p72ZijkjUGFowokGJANvHzd/XArohXpy2MJUKsTuJ/Glj9mhlsoJJi81srJMpiISf7kgBzkY7H0rrUbDkdq8v0+bwBfeU1rq5QAwEKLzj9z/qxhs9OleiWuo2U0TTLeQeWBlm8wYArVuPQz5ZdTkPjPf40+10iBv392+5yOqxDr+ZwK5DTYTFCiYwQKn1G8fXfFN5qz58rd5VuOwjXp+uSfrV+OEMBtABr5nG4hVazt0PawtP2dNJ9SayuCuFk5HYjqK2IJcjA5HaseOLHBFW4N0ZBzkelZRSZtI097Kc9RVu1uGHHaqcTqyjJHNSqMdKu9tGQayOGXNKWcHg8VQhlK8YxV2Nwyjj8aTEPEjjngipkkBHNQkDqFzTQTuyBipYFhj3Xr2qzb3JGBJkHsRVZSGHoaUrxkDJpBa5vWeoTREfNuWti21KOXAJANcZHK0Z46d1NXIZ9wG0kGqU3HYxnRjI7FXVvukUp9q5u1v5I2wTxWpb36NwT+daKqnuc0qLWxfbHcY+tMzjlTSLKp+6Rj3pzYI4p3T2Is1uIJW9aKiO4Gip5g5RzpkVEykD2q2RkZqJ09qJRKjMrHigEHipGj9qhIwaxaZsmmW7W424jc5HY1fiIrDOT24q1Y3W0iOU8fwt6e1b0cRZ2Zz1aPVGoXwaXJIzio1Ktg9TT89q7oyb1ucthyE55HFSq/aoVU96eRitYNpESSHO/HFIrgjmmnJHSkAI7U22CSFB556U04Tp09aU9KbuIPTNSxocOR601t2QQMjvTsbRkdKTNIZIMEdKjuQNtIsi79pODSyjKV2Yd62REkZF2DWfNWjd9azLg4oqvU0gtCBmx1pAwJ61G7Cmq2DWSZo0T7qXcah3ik3+9bRkZNEpeonamtJ71BJJweatyEkNmfJIzXReFJBFDIfU1yjsxfaOvT8+K2dUmm0G3sYZAPPmBlkQ9VHQD61yV4yceddDemlJ8nc7IOGGc1G7Acg9a57S9cgnAUNhv7rda1o5d4yD+FcarqS8xywzgyw5VlwaoXRI4fp61NIWAyOKqySbgVfmuTE1LxszSlDW6My8iVSXDYqj5xzwmfc9Kv3cRHzhS6enpVJ17givlcVS966PWpO6szL1awgv0PmLtfsQK47VdHurZv9XujP8Qr0AkhuQabIqupUjKn1rjjeB1xlY8z8nIwahktyD0GK7jU9BjlzLb/ACt/drnbq0kt3McyEe/rVqo0WmmYU1sP9Yqg+oqvJaJMmcDI6H0rZlj28rVd4MnKjDV0QrMVjHa1UHbIinPU4pjaVbSg/ulYHttraMakbZFwfWojE0RyvK/Wt44mS2ZLinuc7ceFNMuM5to+fan2Hg+zjkAQyoueVEhx+VdLCiSHg4atG1jVeCOa2jjsRtzMzdKHYq2mkxwxKiAADjAFWlsMcir0K46c1bjQHtzWsakupFjMW1PQjmj7MwOOla4hBPIp3kqFwVyK7KdQzZkJGVOQKsxE4GRn8attb456+lN8rPbH9a6FUUtGTYVADjIzVmLAPAxVZAF4O76CrcS5UY5p81gJ1IYDFO25GDxUJVgcA4p67wBknNJyTFYcVxxj8aemQOTTcHgkmpB9Aam4h21H4JpNhXoaUBSff2pwJHFDCw6OcjAcDjoasCU4ypqoVz6fjSZdchMfQ9PwpWuJo0obuaPvx6VqWuoK4ClsGuajnBOCcH0qYPj5iQAKi8kS6cWdYswYZ3CiuNk1fy22qzkCiq9oR9XZ2NvMySeRIxY4yGIq1wTTCnzDI5HQ1KPu84ruUHszjk+qGMvtVaVcGrbccdqikGelTOKsOEmVGFQt6EZFWnX2qNlz0rklA6IyJ7G6ZMRuenRq04m3DLCsMgdD09KuWNzj93Kf9011UKrWjOetS6o0y4A9qYJD9aZtJXjmlj4HrXbzNs5eVEnmUnmt0ApNoPJ4p+wbcgiqtITaQm7j60Dcp4GRSAEtheakRP7x/CqSbJbSGh89s+1J8w5xxU6oq8qKCP1rTkJ5irKFbAI+hpklwEHzqcHjPpU8iAHcP/1VWveIiwG7Azj19qyc3SfMWrS0ZQumVvukVlXZNaJt457dZ7WXdG44JPKn09/pWdcW19k4g8z6cH8jxXbOFRpO115Di4p2uUJWxUXme9NnkKkh45UI6hkIxVY3MAPMqA+hOK59nqbXvsW/M96N/FUzd24P+tUn2NTRfaZji3tLmXPTbEcfnVryIa7kpb3qCaZI+rcnoPWrsGiazcHLxi3X0+85/DtV2XS7DQT9ou5VaZRkEnLZraKlPZEOcV1H+F9PMdwl9dxjePmhhYdD6t/QVxfizWZL/wAZ3kbyFvs4WI85we4+vr75pnj34hjTIfItWBvZB+6jzzH/ALbfTtXIeEPNdDcTOXklYs7N1Yk8n8a5MxxMYQVGPzO3A0Jc7qyXodfHKVIZSQR6GtvTPEE9uAsxMijv3FYGPlyBmlDcHFeS9Vc9NpS0Z6NZajDdxhkcGiXkkg/SvPLe7mtpA8Llcdu1dHpevRzlY58I3r2NctWTaszF4fld0bJfAINUrqF+ZISPcetWpSsiboyGFQgshAPSvLrq7sXDTUoLOrA7l2kHBFPBU9DU11bJMN6gbj+tURGUbCnDDqK4KlOzudMZJosjrxUF5ZwXcZWVAT2OKVZcHDjFTrjHBzUaAk0clqmhywAtECyelYjxlW5Uj616QVDAgjg9jWXqOkQzqSq4PtS5H0NI1O5xR2sMEAn3qEwsDlOR6Vr3umTQOcqWHqByKqAFWPHSiLZdypFCpbKjY/dexq9BnuORThCj88BvWhdykCQfRhXVT03IkW4VNTo3IBFVkYrjHfvUy5J54rsiZF2Prg1MFyOKrQn5QM5qwjYHNdMCGOEWOhpjw55H5VOmCPag8HIzmtlIgqeWD2pwHltkfnVh0DfMflPrUbKQ2CP/AK9aKYEsbK4GTk1KEyeBVQAg5HFTRzHhScH1pisSDhsHGKeUwOGGKAN/JIFMJYHaenaoYCjg5wcVIhQjrQgPXpmpPKRhnBz7Uk2JkRyO9PVNwyR9KXyx0zkUqkrxninzCGPACOVz6EdRVaRJY3DE+YK0EOehxSPGGHPB9qG7jTsU1ETgMUGaKe9u244oqCrneB1kG5TyKa2agkjktpijceh9asrhkDCvUu7tM8rRarYbzjmnYB4700g/hSZ5+lLZ2YegMhBwajdPSplbdw1OK57UOFwUrGfIhP1FJjjFWZF5qIrg1hKDTN4yuWbG5JPlSnB/hb19jV84PIPPoKx8VbsbkDEMpAP8LetdVGppys5qtO2qL4DEdAP509FHXqaagOeTUwIxkD612w8zjkxpTIyOD7UuAeowaeMEZFJjIrWxFxo4FKDmjpSHnnoaAENU7hcKW556gVbY4FQTZIyK5q+sbG0LpnI63Be6c73umESRP800B6Mf7w9DVGy8aCFhDL+7Y/8ALKcY/Ing11c0YR2bbweq9q5LxNoVvOGkESyRt95cdK8WGYYjAP8Ad6x7f5HfGhRxC5ZrXuasfi20UKLi1CA+hIU/zFMuPGegR/NPo0cvb5QrGvOLvw7LC7Gwvbi29kcgfl0rIu9P8SRcpqCyf70K5/lXq0eJ6c9Zxt8iZZU1tI9X/wCFgeF4jmLQZAw9ESqd38S4jkWOg/Me803H5AV5HNbeJuSbhBj+7Ev+FVJbDVphtuL+bB6qDgH8BWs+IaaXu/kKOVu+rPRtY+IGqOpFxqVtp0f9yAAE/wAzXHaz4wubhni015Zd/W4l7n2HP61jDR1jId9zN6nmnqmxtuwAfSvMxOe1ai5YHZRy+nTd3qVE0prqVrm4kZ7hucsclj7mui0KUxERMNrL2qlEpDIwz1rYS3SYBvut2NedRrOpL3mdjSSsjfgkyuSakYAjcprJs5ZIz5cwIPb3rRRz+Fej0Mr2GSt1BGDUBk2nrzVp1WQcnntVOeMofm6etYzasap6Glpeuz2sgVzuTpzXU2mo215HlHGR1B7V57KhABGTTre5lgfcrlSOhrz60F0K5Ez0gEr8wJxTJ0SZBklW9RXOaXr24BJmAPrnrW7FcxTLw2K4W+XRk8tiJgVbbNjnoexoClDlTU5AYFXGR2qHDRnHVD3rBrW6LTuOWX5sNxUo5/pUJRXHH50sZZTg/rSsNodPbpKvzdT1rE1HRkOWQYPqB1roRz060u0Ec/lVcqEp2OBmt5rd/nXH9afCdwIYDBrsLuwjlQ4QEH+E1iXOlvExMWcelbQTGppmX5ToC0fK9cGhH4xyfXPUVa+ZflYFSKZIgfnaA3r611QZIsMvPvV2Jh/FWcqNjGcMOlW4JSPkZea6Ioll1M5GDxUhBI/wqGFzjI6dqsLnHWtUZsNrbeelI6MO2QaeHBOM/nShuODmqFcgMRPTn2ppj9+RVsDuOKVo1b2PrTuFyrHLJGQNoK96tqySKcf/AKqgdSpx/k00YUgqcH0qhE4WRH5+ZKkWUA+g9RTIZQwww2n9Kc8YzleDUbCJGII4IpqjI6VGAV7YqWNu1RcaAL6CpFJHvTD1yCaQMeh4ouDJvl96Kiz70UuYLHoN9brcRFTw3ZvSshS9vKUftwa3Ceg9ap6nGhtvMK/MDjNfQ4impLmXQ8ShNp8r6kPDruWomGDTLJiGK54q2VGM4rmtzI3b5XYripEbjmkYU0d6aVg3RKyAjIqB4yOalQnBpw5FPlTFdoqEU2RN1WXUAVEaycTWLuWLG76Qy5LD7p9avBzg88VhSAf/AF61NOdpbYFzkjitqNVt2OetSUdUXlYkU8etRJ0p44rvg7nG0K3NRg/3vwp9Mbpn14okNDWqJzgc08cNt7VDLx0rjqy925rEgl5GDyKp3EYx0yCOV9RVs/xCoc5bb2NeVUs9WdcNNTmNWsPLbzohmI9fasd4wccciu1mVd5XAwetctqaLDebYxgE8149eCpyuup6lGo2rMx54VbnaPpWfcWaHPyjNbsyKQTjkVUlRetYOqbnN3Focj5aqSWI3ZKV00sSMvIqmVGSMcDpXNUqSTLiYiWJBBXIGa07eEqoBq0qKVPHaplRQVwO1dlCbQp6kZgWSPa+fY+lEaOh8uT8D61djRSuSOlP8tXYxsMjGa9alXb0MGikYyy5BwajZXAw4yDVuMApk+tDKBxVSehSKPlgD92fwNQywqwJA2k9vWtCRVI6VXHzAggECuOoy0zOZWjHKnNX9O1GSEgbzt96MB4yG529D3qjIMEt3Fcs4pq5onc6+z1MOArHHpnvWpBLG4HIHqCa4ixZiQhJKnn6Vr2Mzh9ucgdM1zbA1c6FoipJj6dSKVMSLz+dRWEjM21jn61anRY9rpwWPPvVWMr2GJlODyPWp0w3IpEAIwaiclGyvFUlYl6lkDnkYI6U2aFXXnr61IeVyaUcrWyRm3YxdQ0/dyV4z1FY8tpJC+CCRnrXYMox6/WqV1EnJxTS5TSLuc00QIpCrgZI3D9RWpdRIo3AYNVyAr8eldMJMojgcjHHPoas/KRyCDVWWNWGSSPoadbOzIck/KcCuiOqIe5ZBX7pBzT0AH40xOTk81LnJCkDBpkyRNGoI9DTimOcVXV2XofzqzCxcHPaqIEZVdcMBULRFeRyKtEfLTeoPtSC5UIBwacjOpwcVJIiiPzB1Jwag6nHYUJlWJwd3Q0/Yw5HNV4CQwI71dJ2kAVLjcTGopPbmnFPUc0/PUUhJ4qJRsK43yxRThRUhc//2Q==', '', NULL, NULL, 'unknown', '', '[-0.015280721,-0.08686376,0.0055869403,0.014602098,0.005326607,-0.03308873,-0.024243226,0.06720709,0.0040892893,-0.057659566,0.019492865,-0.04228524,0.0018223372,-0.02726193,-0.025928084,0.04439131,-0.046544187,0.04811204,-0.038564514,0.0045075784,0.013630965,0.00044754025,0.02020659,0.0234593,-0.0057653715,0.025740877,-0.05929762,0.019118452,0.032690916,-0.055974707,-0.017386792,-0.032222897,0.036107432,0.021903146,-0.011875905,-0.057144746,0.04839285,0.009290117,0.013151248,0.020686306,0.011881755,-0.025460068,0.023529502,-0.0059057763,0.025530271,0.04457852,-0.05461746,0.02145853,0.013338455,0.016345458,0.058782805,-0.021505333,-0.040693987,-0.018872743,-0.01113878,-0.034211967,0.014999911,0.061731305,0.030374235,-0.019130152,-0.015620032,-0.034820385,-0.020300193,-0.0003612498,0.00879285,-0.044414714,-0.003548146,-0.016193353,-0.012870438,0.009184813,-0.01673157,0.0058794506,-0.03790929,0.02875958,-0.01174135,-0.0039547347,-0.026162092,-0.014719102,0.0018603634,-0.01998428,-0.019773673,0.063462965,-0.039991964,-0.0037090264,0.063790575,-0.021821244,-0.027542738,0.00733615,-0.022722175,-0.014953109,-0.0557407,-0.056115113,-0.009102911,0.03755828,0.009781534,0.0055021127,-0.016953878,-0.042215038,-0.013315054,-0.011021776,-0.03290152,0.00038574752,-0.011641897,0.050358515,0.01934076,-0.0036622249,0.025343064,-0.055319484,-0.021505333,-0.02259347,0.009799084,0.011981209,0.01435639,0.05541309,-0.020136386,0.022113753,0.029110592,0.015760437,-0.031052858,-0.023634806,-0.06435219,0.03023383,0.030701846,-0.02232436,0.0049434183,0.062012114,0.025155857,-0.02873618,-0.06290135,-0.011308435,-0.02082671,-0.040623784,-0.027963953,0.023658207,-0.010986675,-0.009962889,-0.026934318,-0.015374324,0.0029660512,-9.543138e-05,0.00026581844,-0.025951484,0.04336168,-0.01260133,0.0022596396,-0.038775124,-0.020686306,-0.030889053,-0.02024169,0.0028519721,0.032176096,-0.015362624,-0.032714315,-0.0322697,-0.011665298,-0.066224255,0.01936416,0.04843965,0.00027569066,-0.0033346137,-0.008131777,-0.008049875,0.012531127,0.0071138423,-0.043806292,0.011770601,0.010635663,-0.00096747675,-0.044484917,-0.058267985,-0.017164486,0.016614566,-0.024196425,-0.015701935,0.008161028,-0.018311124,0.0030391787,-0.022148855,-0.02520266,0.00018976584,-0.00053529325,0.019633269,-0.034679983,-0.07722263,0.0060549565,0.0018940021,0.022090353,0.01696558,0.074320935,-0.021528734,-0.022113753,-0.0069909883,0.037956093,-0.016942177,0.016836874,-0.013981977,-0.037979495,0.010893071,0.0351948,0.0046392083,0.06486701,0.005698094,0.05251139,0.0011407889,-0.0410684,-0.010378254,-0.0263961,0.03374395,-0.024758045,0.0043554734,0.022476466,-0.008699247,-0.020194888,0.06257373,0.024196425,-0.011682848,-0.027753346,0.03339294,-0.035873424,0.042168237,0.0060549565,0.08031154,0.00037441278,-0.038330507,0.015631733,0.035943624,-0.03465658,-0.058876406,0.011249933,-0.06074847,0.024126222,-0.009705481,-0.0016453686,-0.034679983,-0.0088104,-0.0018472004,0.0205459,0.0020490324,0.010425055,-0.029672211,0.004402275,-0.016286954,0.01848663,0.013057645,0.03112306,0.02111922,-0.013584163,-0.012811936,-0.009810785,0.015994444,0.02667691,0.008880603,-0.023190191,-0.042378843,0.015444526,0.00022632959,-0.027121525,0.016497562,-0.01262473,-0.008845502,0.0020578078,0.065569036,-0.059110414,-0.025272861,-0.049750097,0.001215379,0.018861042,-0.02438363,0.016895376,0.03702006,-0.03107626,-0.0073185996,0.013911774,0.009740582,-0.032410104,0.053073008,-0.03790929,-0.011981209,0.0068739844,0.014555296,-0.06248013,0.025389865,-0.053307015,-0.046193175,-0.024898449,-0.008014773,0.036903057,-0.0068447334,-0.02085011,0.04188743,0.0322931,-0.0058472743,0.031310268,-0.022453066,0.011893456,0.0018384252,0.004653834,-0.040249374,-0.006920786,-0.02845537,0.053775035,0.033205733,-0.0034516177,-0.029227596,-0.041817226,0.036318038,0.009606027,-0.025460068,0.03257391,0.012636431,-0.026021687,-0.05082653,0.041910827,-0.031567678,0.005247629,-0.04745682,0.041817226,0.022359462,-0.017925011,0.024290027,-0.006277264,-0.022031851,-0.021271326,-0.009997991,-0.04048338,-0.024102822,-0.034141764,-0.035616014,-0.03049124,-0.031216664,-0.025132457,0.014625499,-0.019212054,-0.0006043987,-0.03662225,-0.014239386,0.03287812,0.018615335,-0.023576304,0.008868902,0.00967623,-0.028595775,-0.042402245,-0.03636484,0.035382006,-0.007932871,0.07071721,0.015175417,-0.08031154,-0.037698686,0.018533431,0.00849449,0.035943624,0.0234944,-0.0076754615,-0.05953163,0.013935175,0.009939489,-0.010360703,-0.020218289,-0.018018615,-0.01998428,0.046942,0.001093256,0.001330189,0.006072507,-0.018954646,-0.011577545,0.0068681343,0.027940553,0.074648544,0.019574767,0.015163717,0.023599705,-0.037371073,-0.027402334,-0.014953109,0.046169773,0.0066926284,0.006897385,0.025413265,0.012086512,-0.03313553,0.0021280102,0.042963866,0.01556153,-0.0020929088,0.0037207268,0.01876744,0.018638736,-0.018825943,-0.03025723,-0.0058589745,-0.026606707,-0.040623784,-0.029812615,0.03018703,-0.0036183484,0.0011320136,0.0074765547,0.0439467,-0.01965667,-0.0039254837,0.029063791,0.012531127,0.05241779,0.0062889643,0.02080331,0.020592703,0.0145903975,0.026793914,-0.05719155,0.00820783,0.025928084,0.006394268,0.017550599,0.023225293,0.04780783,-0.01616995,0.0058736,-0.014964811,-0.0059701283,-0.0205225,0.038377307,-0.026279096,0.023295494,0.0056542177,-0.040904593,-0.06388418,-0.052979406,-0.026747111,0.023295494,0.04724621,-0.050218113,0.020662904,-0.044695523,-0.04228524,0.02316679,-0.0005689319,0.0037002512,-0.006365017,0.01289384,-0.048533253,-0.035428807,-0.04483593,0.02815116,0.043619085,-0.029836018,0.009851736,-0.013607563,0.012039711,0.027425734,0.006686778,-0.008330684,0.018123917,0.064118184,-0.018393027,-0.019808775,-0.0055342885,-0.037651885,-0.045842163,0.02524946,0.007751514,0.0031591076,-0.0062889643,-0.05658313,0.02232436,0.016684769,0.07216806,-0.043853097,-0.012226917,0.024617638,-0.029087191,-0.018416427,0.0011276259,0.009079509,0.006365017,-0.017679302,0.015994444,-0.015748737,0.046942,-0.01993748,-0.06687948,0.009307668,-0.019317359,0.06584985,-0.0020812084,-0.0057419706,-0.0065814746,0.015011611,0.0061544096,-0.018112218,0.03402476,-0.011489792,0.029508406,0.019586468,0.044718925,-0.040600386,0.0055635395,-0.0011254321,0.005007771,-0.023295494,-0.0022830404,0.012098213,-0.022031851,-0.013081046,0.027191726,-0.020066185,-0.004811789,-0.008968356,-0.0065288227,0.059952844,-0.005194977,0.0017813857,-0.004653834,0.005727345,-0.023611404,0.015678534,-0.031240065,0.0027978579,-0.02024169,-0.0063767172,-0.036996663,-0.0137362685,-0.019270556,-0.004282346,-0.015409425,-0.0644926,-0.002300591,-0.016029546,0.05049892,0.004694785,-0.018334525,0.03381415,0.008781149,-0.044695523,0.00061646476,-0.02138833,0.031216664,-0.016790072,0.02878298,0.038587917,-0.039055932,-0.019223755,-0.00995704,-0.007570158,0.005396809,-0.016673068,-0.013642665,0.036060628,0.021786142,-0.013666065,0.012835338,-0.002813946,0.009143862,0.0264195,0.010138395,-0.020896912,-0.015175417,-0.044695523,0.018708937,0.012952342,-0.008541292,0.025623873,-0.042074636,0.010150096,0.017925011,-0.0052330033,-0.031637877,-0.030444438,-0.015584932,-0.0075584576,0.008956655,0.007119693,0.0020519574,0.035288405,0.05428985,-0.00219675,-0.026630107,0.037792288,-0.023611404,-0.004428601,-0.03079545,0.03666905,-0.05831479,-0.01788991,0.06224612,-0.018381327,-0.0063240654,-0.0022113754,0.00079708965,-0.0076052593,-0.00586775,-0.016064648,0.017141085,-0.027449137,-0.00065997563,0.00094992615,-0.035592612,-0.012414123,0.0084125865,0.041489616,-0.01291724,0.020932013,-0.014204284,0.020101285,0.023049785,0.022558369,0.0041273157,-0.0022333136,0.009939489,0.010694165,-0.030865652,-0.031193264,0.015163717,-0.04223844,0.00020823053,0.012519427,-0.0094831735,0.022031851,-0.029789215,0.031895287,0.009178963,0.016345458,0.0060491064,0.0028417343,0.013010844,0.006388418,-0.0037061013,-0.019972581,0.02114262,-0.04144281,0.0074999556,0.0019393411,0.02520266,0.029016988,0.020077884,-0.010980824,-0.022066953,0.0027729946,0.023985818,0.038775124,0.011168031,-0.015444526,0.008605643,-0.030842252,-0.01084042,0.08358765,-0.0072659478,-0.014122382,-0.0069441865,-0.0440403,-0.027800148,-0.010477707,-0.0081083765,0.04755042,0.025740877,0.035311803,-0.013408657,0.034679983,-0.02522606,0.05129455,-0.026887517,-0.008634894,-0.021329828,0.05335382,-0.0029163244,0.0023415424,0.027402334,0.021493632,0.008775299,0.010542059,-0.000997459,-0.0007144556,0.0234476,-0.013841572,-0.038260303,-0.03196549,-0.0038377307,-4.5704684e-05,0.024196425,0.043572284,-0.046473984,0.019223755,0.013701167,-0.008313133,0.004340848,0.020978816,-0.027051322,0.010243699,-0.025553672,0.029204195,0.010518659,0.0040658885,-0.018100517,-0.047059003,0.021423431,0.006920786,-0.0123907225,0.033299334,-0.019013148,-0.022371162,-0.024781445,0.0054699364,-0.040015366,0.029578608,-0.032363303,0.02138833,0.03313553,-0.03196549,-0.015584932,-0.0016248929,0.0075467573,0.0068213325,0.0498905,-0.016462462,-0.018685536,0.02138833,-0.0036710002,0.016052946,-0.039406944,0.021669138,-0.031286865,-0.01671987,0.02081501,-0.012379022,-0.04750362,0.011173881,0.005610341,-0.021154322,0.012109913,0.017410193,-0.058501996,-0.011296735,0.011425439,0.0007656448,-0.012063111,-0.022675373,0.002963126,-0.0035276702,-0.017808007,-0.017141085,0.00030914648,0.0030479538,-0.007687162,-0.004288196,-0.0046743094,0.012671532,-0.026466303,-0.002654528,0.031825084,0.00645277,0.009313517,-0.004162417,0.017164486,-0.03346314,0.045374148,0.027191726,-0.034750186,0.03545221,-0.007213296,0.013373556,-0.024290027,0.030982656,-0.01670817,-0.012765136,-0.003287812,0.016813474,-0.0049521937,-0.041840628,-0.027823549,-0.0044052,0.023038086,0.00048629782,0.03285472,-0.04045998,-0.023985818,0.0077866153,0.0322697,0.049235277,-0.0023444674,-0.0053704833,-0.00909121,0.016626267,0.0047913133,0.0010442606,-0.009582627,-0.011279184,-0.02020659,-0.0053412323,0.0081376275,0.020873511,-0.0014457306,0.04956289,-0.04312767,0.026559906,0.0081376275,-0.08040514,-0.03018703,0.034750186,-0.038564514,-0.008014773,-0.0293212,0.03049124,0.02672371,-0.03608403,-0.030163629,0.020779908,-0.02817456,-0.026442902,-0.04013237,-0.013221451,0.018825943,0.02170424,-0.0111329295,-0.007067041,0.017761206,-0.020581001,0.01873234,0.0045865565,-0.007827567,0.0074999556,-0.022792377,0.0019481165,0.011671148,0.036247835,-0.051481754,0.008424287,0.01087552,0.0021192348,-0.0010969124,-0.02730873,-0.025506869,0.008336534,-0.01791331,0.029836018,-0.035686217,-0.024875049,-0.026981119,-0.023599705,-0.001122507,0.042940464,-0.04960969,-0.04956289,-0.017538898,0.029742414,-0.014543596,0.0013667529,-0.03051464,0.022254158,0.011361088,0.015128615,0.019750273,-0.04843965,-0.036013827,0.007599409,0.006686778,0.00055576896,0.026232295,-0.016918777,-0.03702006,-0.012414123,-0.01966837,-0.008125927,0.037956093,0.02085011,0.0040366375,-0.013396957,0.008921554,0.0012124538,0.03725407,-0.029672211,-0.023880513,-0.01788991,-0.0029090117,-0.008816251,-0.032784518,-0.01696558,-0.015339223,0.054711066,0.029555207,-0.01642736,-0.0062129116,-0.004861516,0.006189511,-0.01026125,-0.034235366,0.021739341,0.020920314,-0.019457763,0.013513961,-0.040038764,0.03346314,-0.029204195,-0.002394194,-0.04076419,-0.022090353,0.0053997342,0.0644926,-0.012074811,-0.01730489,0.021107519,0.0033814153,0.02080331,0.0030772048,-0.004838115,0.018837642,0.020346994,-0.0023313044,-0.0042033684,0.0034808686,0.010659063,-0.032129295,0.013233151,0.007956271,0.020194888,0.0030157778,0.00013601713,0.03025723,0.0073303,-0.010132546,-0.014110681,0.014122382,-0.0058619,0.010407505,-0.022382863,-0.0046743094,0.02667691,-0.010296351,-0.016298655,-0.0067628305,-0.0067569804,-0.0005689319,0.015947644,0.012063111,0.008968356,-0.026653508,0.017983513,-0.011191431,0.009079509,0.008699247,0.011963658,0.011331837,-0.010618112,0.021259625,-0.058127582,-0.054055844,0.03170808,0.041115202,0.00528273,-0.003343389,-0.024500635,0.045280542,-0.06009325,-0.0044490765,0.019223755,0.050545722,-0.045023136,0.020370394,0.008406737,-0.004700635,0.0038055547,-0.025553672,-0.040342975,-0.01788991,-0.03643504,-0.0025872507,-0.0069149355,0.004595332,0.016380558,0.029812615,0.034773584,-0.006300665,0.010354853,-0.020733107,0.05194977,0.031193264,-0.0072600977,0.016263554,-0.029789215,0.0018223372,0.043876495,-0.0031474072,-0.0014113606,-0.01735169,0.018357925,0.0076462105,-0.02578768,0.025600472,0.00645277,0.015444526,0.016778372,-0.016532663,-0.0009901463,0.019726872,0.030959256,-0.018088816,0.076193,-0.007131393,0.031029457,-0.033018526,0.021013916,-0.022417964,-0.010138395,-0.02261687,0.03776889,0.060795274,-0.017492097,-0.037043463,0.010893071,0.034445975,0.0059964545,-0.0066809277,0.018966347,-0.0007144556,-0.017574,0.002394194,-0.015713636,-0.0033784902,-0.011577545,0.043385077,0.004197518,0.064305395,0.020335292,-0.015444526,-0.0023532428,0.0052622543,-0.018603634,0.018615335,-0.004490028,0.022675373,0.013022544,-0.028338365,0.00395766,0.007008539,0.014344689,-0.0055518392,-0.028502172,0.012800236,-0.02583448,0.005054572,-0.01292894,-0.016357157,-0.013455459,0.0076169595,0.0058560497,0.011554144,-0.0033872654,0.011384488,0.019598167,-0.036247835,-0.011548294,0.018580234,0.012308819,0.0128821395,0.038962327,0.015690235,0.02170424,0.05194977,0.026840715,0.00035960446,0.0066926284,0.0030333283,-0.00095797016,0.027753346,0.0126949325,0.017948411,0.011940257,0.012226917,0.033954557,-0.020908613,0.03720727,0.008020624,-0.018112218,-0.017141085,-0.0103080515,-0.02228926,-0.018088816,-0.018697238,0.0044373763,0.009880987,0.016930478,-0.0126949325,-0.0381433,-0.026653508,0.018861042,-0.017105984,0.0019349535,-0.0060666567,-0.016368859,0.009646979,-0.00997459,0.0023737184,-0.0176208,-0.020440597,0.03346314,0.005952578,-0.033790752,-0.0061485595,-0.012730034,0.038658116,-0.011852504,0.022476466,-0.026817314,-0.0060023046,0.014578697,-0.00046582212,0.0023152165,0.013970276,0.00041828927,-0.005633742,0.009997991,0.02438363,0.03662225,0.03201229,0.009699631,-0.01703578,0.0024146698,-0.048065238,-0.008032324,-0.007932871,-0.015994444,0.0024380707,0.016930478,0.004490028,-0.009190664,-0.0065522236,0.027378934,-0.03194209,0.008827951,0.013279953,0.0040717386,-0.036832854,-0.015584932,0.035686217,-0.0019291033,-0.03893893,0.012109913,-0.051388152,-0.012121613,-0.010711716,-0.027098123,0.015292421,-0.022183957,0.01583064,0.024664441,-0.042098034,0.061918512,-0.027729945,-0.034211967,-0.007195745,0.012847038,-0.01290554,0.005168651,0.0381667,-0.0032702615,-0.021177722,-0.014953109,-0.021844644,-0.0019598168,-0.035896823,0.034094963,0.0018632885,-0.009167262,0.015233919,-0.0024907223,0.004133166,0.005897001,0.0014435367,0.016357157,-0.005142325,0.018790841,-0.016591165,-0.0026501403,-0.012566228,0.009699631,0.0011195819,0.004194593,0.0021309352,0.010243699,0.0056951693,0.004323297,0.0056132665,-0.021832945,-0.0036505244,0.018966347,-0.023962418,0.03168468,-0.004574856,-0.0052008275,0.028923387,0.009026858,0.032035694,0.011062727,0.00791532,-0.018311124,-0.015994444,0.0131863495,0.009407121,0.005350007,0.0059964545,-0.02730873,-0.032105893,-0.02200845,0.027098123,-0.009997991,0.021821244,0.007792466,0.0016219678,0.011191431,0.027776746,-0.010091594,-0.010015542,0.0010084282,-0.01262473,0.033533342,0.031216664,0.05536629,-0.010700014,-0.009015157,-0.024781445,0.015573231,0.04015577,0.01880254,-0.033556744,0.03460978,-0.010378254,0.014789304,0.021341527,0.023389097,0.013350155,-0.019247156,-0.0008168341,-0.034796987,-0.0128821395,0.017632501,-0.0034574678,0.02581108,-0.0089332545,-0.016684769,0.028104357,0.026138691,-0.00967623,0.0018925396,0.03582662,0.04551455,0.035030995,0.005350007,0.0068154824,-0.02789375,0.052839,-0.02667691,-0.020768208,-0.033299334,0.016392259,0.014964811,-0.005279805,0.03549901,0.008465239,0.016544364,-0.02168084,0.027917152,-0.0527922,-0.039172936,-0.004814714,-0.050311714,-0.03783909,0.024032619,0.017339991,-0.016251855,-0.0038289556,0.016474161,0.005019471,-0.023400798,0.005832649,0.0057419706,-0.0073712515,0.012051411,0.013385257,0.018720638,-0.031778283,0.03692646,0.01587744,-0.014824405,-0.013420357,0.016813474,0.006189511,-0.01525732,0.0037704536,0.020978816,0.016614566,0.043314878,7.5412725e-05,-0.025764279,0.008014773,-0.031263467,0.010723416,0.038775124,0.00019872397,-0.0061251586,-0.019680072,0.026910918,0.031731483,-0.010050642,-0.01378307,-0.036903057,0.013864973,0.0075935586,0.00293095,-0.06678588,-0.014204284,-0.01290554,-0.025647275,0.021318126,0.002949963,0.0075467573,-0.01730489,-0.012671532,0.02585788,0.0015795538,0.030678445,0.0150233125,-0.0075467573,-0.013900074,0.01583064,-0.023985818,0.0054348353,-0.012297119,-0.019890677,-0.006517122,0.0012863126,0.014719102,-0.0028592849,0.004782538,-0.0028622102,0.01319805,0.020370394,0.027917152,0.011794002,0.015233919,0.06257373,0.0029031616,0.011238233,-0.03018703,0.019902378,0.026957719,0.011951958,-0.028946787,0.006370867,-0.0037616782,0.038026296,0.024477234,0.044461515,-0.026442902,0.017515497,-0.016942177,-0.028268164,0.009734732,0.0062246122,-0.023073187,0.022628572,-0.02728533,-0.011203132,-0.02143513,0.042168237,-0.018896144,-0.00059306395,0.026559906,-0.013408657,0.03540541,0.005698094,-0.013443759,0.004861516,0.006329916,0.012519427,0.029274398,-0.014239386,-0.004937568,-0.02082671,0.005750746,-0.042753257,0.03140387,0.010846269,-0.005668843,-0.0075467573,0.039687753,0.0030274782,0.01554983,-0.017808007,-0.0024029694,-0.026442902,-0.04219164,-0.0030596543,0.008833801,-0.0058853007,-0.012273719,-0.0041565667,-0.0004245051,0.007453154,-0.0045924066,-0.015748737,-0.006897385,0.0021748117,0.017960113,0.010085744,-0.005490412,-0.012063111,-0.036832854,0.0058180233,-0.027402334,0.016684769,0.025764279,0.01435639,-0.0045631556,0.00850619,-0.015631733,0.014473394,0.017808007,0.00078100164,0.028829783,-0.013233151,-0.008073275,-0.012472625,-0.018966347,-0.015093515,0.0037529028,0.0076462105,-9.652829e-05,-0.010220299,0.035335205,0.029110592,0.0031181562,-0.02136493,-0.04249585,-0.0024088195,0.01965667,0.01875574,-0.010676614,0.021528734,0.008985906,-0.04130241,-0.008389186,0.04193423,-0.040015366,-0.045023136,0.002960201,-0.001172965,-0.0005367558,-0.01991408,-0.017925011,-0.0032907373,-0.0074414536,0.024664441,-0.0128821395,-0.026045088,-0.018697238,-0.019270556,0.027659742,0.029976422,0.003998611,-0.031310268,-0.0057946225,0.00849449,0.013350155,-0.0054640863,0.024734642,-0.0028578225,0.058923207,-0.020194888,0.00851789,-0.021669138,0.020990515,-0.012718334,0.018697238,-0.013525661,0.006985138,0.014555296,-0.021224523,0.015222219,0.01556153,0.016251855,0.039172936,0.0021265475,-0.05045212,-0.0028285715,0.007856818,-0.008769449,-0.011413739,0.035077795,-0.004718186,0.013853272,-0.0012007534,0.045795362,0.011249933,-0.02960201,0.015783839,0.0027203427,-0.006248013,0.0351948,-0.034586377,-0.022382863,-0.0061719604,0.038564514,0.020346994,0.005247629,0.008863052,0.025389865,0.017644202,-0.0017097208,-0.00031298568,-0.018346226,-0.0322697,0.008032324,0.0111329295,-0.018299423,0.009032708,0.037698686,-0.029133992,-0.016485862,0.008605643,0.0009813709,-0.005007771,-0.024781445,-0.021247925,-0.029929621,-0.0030450288,0.0017682228,0.01788991,0.011606796,-0.04811204,-0.0072015957,0.028806383,0.00022706087,0.03109966,-0.0061368593,0.023634806]');


--
-- Data for Name: ai_suggestions; Type: TABLE DATA; Schema: public; Owner: postgres
--

INSERT INTO "public"."ai_suggestions" ("id", "created_at", "user_id", "product_id", "opinion", "reason") VALUES
	(2, '2025-05-27 16:52:59.803031+00', '73e5c29d-cc7a-433a-a8a5-5af06be825ee', 2, NULL, NULL),
	(3, '2025-05-27 16:56:27.537992+00', '73e5c29d-cc7a-433a-a8a5-5af06be825ee', 3, NULL, NULL),
	(4, '2025-05-27 17:01:14.644987+00', '158f2cd4-53c6-4dd6-b0e7-9043aabdc6be', 4, NULL, NULL),
	(1, '2025-05-27 16:13:58.442828+00', '73e5c29d-cc7a-433a-a8a5-5af06be825ee', 1, 'avoid', 'The ingredient list contains Red Salmon (99%), which is a type of fish. Since you want to avoid fish, this product is not suitable for your dietary preference. There are no nuts listed, so nut avoidance is not an issue for this product.'),
	(5, '2025-05-27 17:10:38.542802+00', '158f2cd4-53c6-4dd6-b0e7-9043aabdc6be', 1, 'avoid', 'The product contains 99% red salmon, which is a type of seafood known to be high in purines. For someone needing to avoid high purine foods, this product is not recommended as it may increase uric acid levels and exacerbate conditions like gout.'),
	(6, '2025-05-27 17:25:21.997677+00', '158f2cd4-53c6-4dd6-b0e7-9043aabdc6be', 5, NULL, NULL);


--
-- Data for Name: badges; Type: TABLE DATA; Schema: public; Owner: postgres
--



--
-- Data for Name: history; Type: TABLE DATA; Schema: public; Owner: postgres
--

INSERT INTO "public"."history" ("id", "created_at", "user_id", "product_id", "text_content") VALUES
	(1, '2025-05-27 16:13:58.39172+00', '73e5c29d-cc7a-433a-a8a5-5af06be825ee', 1, NULL),
	(2, '2025-05-27 16:52:59.763073+00', '73e5c29d-cc7a-433a-a8a5-5af06be825ee', 2, NULL),
	(3, '2025-05-27 16:56:27.50025+00', '73e5c29d-cc7a-433a-a8a5-5af06be825ee', 3, NULL),
	(4, '2025-05-27 17:01:14.607796+00', '158f2cd4-53c6-4dd6-b0e7-9043aabdc6be', 4, NULL),
	(5, '2025-05-27 17:09:38.823557+00', '158f2cd4-53c6-4dd6-b0e7-9043aabdc6be', 1, NULL),
	(6, '2025-05-27 17:25:21.957706+00', '158f2cd4-53c6-4dd6-b0e7-9043aabdc6be', 5, NULL);


--
-- Data for Name: reviews; Type: TABLE DATA; Schema: public; Owner: postgres
--

INSERT INTO "public"."reviews" ("id", "created_at", "user_id", "product_id", "rating", "note", "updated_at", "likes_count") VALUES
	(1, '2025-05-27 17:17:52.825558+00', '73e5c29d-cc7a-433a-a8a5-5af06be825ee', 1, 3, 'average.', '2025-05-27 17:17:52.825558+00', 1);


--
-- Data for Name: user_badges; Type: TABLE DATA; Schema: public; Owner: postgres
--



--
-- Data for Name: buckets; Type: TABLE DATA; Schema: storage; Owner: supabase_storage_admin
--



--
-- Data for Name: objects; Type: TABLE DATA; Schema: storage; Owner: supabase_storage_admin
--



--
-- Data for Name: s3_multipart_uploads; Type: TABLE DATA; Schema: storage; Owner: supabase_storage_admin
--



--
-- Data for Name: s3_multipart_uploads_parts; Type: TABLE DATA; Schema: storage; Owner: supabase_storage_admin
--



--
-- Name: refresh_tokens_id_seq; Type: SEQUENCE SET; Schema: auth; Owner: supabase_auth_admin
--

SELECT pg_catalog.setval('"auth"."refresh_tokens_id_seq"', 5, true);


--
-- Name: ai_suggestions_id_seq; Type: SEQUENCE SET; Schema: public; Owner: postgres
--

SELECT pg_catalog.setval('"public"."ai_suggestions_id_seq"', 6, true);


--
-- Name: badges_id_seq; Type: SEQUENCE SET; Schema: public; Owner: postgres
--

SELECT pg_catalog.setval('"public"."badges_id_seq"', 1, false);


--
-- Name: history_id_seq; Type: SEQUENCE SET; Schema: public; Owner: postgres
--

SELECT pg_catalog.setval('"public"."history_id_seq"', 6, true);


--
-- Name: products_id_seq; Type: SEQUENCE SET; Schema: public; Owner: postgres
--

SELECT pg_catalog.setval('"public"."products_id_seq"', 5, true);


--
-- Name: reviews_id_seq; Type: SEQUENCE SET; Schema: public; Owner: postgres
--

SELECT pg_catalog.setval('"public"."reviews_id_seq"', 1, true);


--
-- Name: user_badges_id_seq; Type: SEQUENCE SET; Schema: public; Owner: postgres
--

SELECT pg_catalog.setval('"public"."user_badges_id_seq"', 1, false);


--
-- PostgreSQL database dump complete
--

RESET ALL;
